Player,Team,Pos,Age,G,AB,R,H,2B,3B,HR,RBI,SB,CS,BB,SO,SH,SF,HBP,AVG,OBP,SLG,OPS
Jarren Duran,BOS,OF,28,69,299,38,81,18,7,5,38,14,5,20,76,0,2,5,.271,.325,.428,.753
Jackson Chourio,MIL,OF,21,69,296,41,76,18,2,12,41,13,5,10,63,0,1,1,.257,.282,.453,.735
Bo Bichette,TOR,SS,27,68,287,31,79,17,1,8,40,4,3,18,50,0,2,2,.275,.320,.425,.745
Brent Rooker,ATH,DH,30,70,279,44,77,15,1,15,41,2,1,26,64,0,0,2,.276,.342,.498,.840
Austin Riley,ATL,3B,28,67,275,38,77,13,0,11,35,2,1,19,83,0,0,3,.280,.333,.447,.780
Trea Turner,PHI,SS,31,66,271,47,82,14,2,7,30,19,5,21,50,0,1,4,.303,.360,.446,.806
Julio Rodriguez,SEA,OF,24,66,271,42,71,8,3,10,34,11,3,20,59,0,0,5,.262,.324,.424,.748
Pete Crow-Armstrong,CHC,OF,23,68,269,51,73,16,3,18,57,21,3,13,72,3,2,1,.271,.305,.554,.859
Bobby Witt,KC,SS,24,69,269,35,76,22,3,8,37,21,5,23,57,0,5,3,.283,.340,.476,.816
Corbin Carroll,ARI,OF,24,67,269,53,70,12,8,19,43,10,4,26,71,0,0,6,.260,.339,.576,.915
Francisco Lindor,NYM,SS,31,67,269,44,75,12,0,14,38,13,2,24,53,0,5,8,.279,.350,.480,.830
Shohei Ohtani,LAD,DH,30,67,269,68,78,11,5,23,39,11,4,41,77,0,2,1,.290,.383,.625,1.008
Lawrence Butler,ATH,OF,24,66,266,41,69,22,1,9,29,10,2,26,80,0,0,0,.259,.325,.451,.776
Vinnie Pasquantino,KC,1B,27,68,265,28,74,7,1,10,38,0,0,18,47,0,1,4,.279,.333,.426,.759
Dansby Swanson,CHC,SS,31,69,265,39,64,10,1,12,35,7,2,21,80,1,4,0,.242,.293,.423,.716
Jeremy Pena,HOU,SS,27,68,262,38,85,14,1,9,33,14,1,16,42,1,2,8,.324,.378,.489,.867
Bryan Reynolds,PIT,OF,30,67,262,23,60,9,2,8,39,3,2,28,77,0,3,2,.229,.305,.370,.675
Tyler Soderstrom,ATH,1B,23,70,262,36,68,11,1,14,44,3,0,29,73,0,1,4,.260,.341,.469,.810
Elly De La Cruz,CIN,SS,23,69,261,50,68,13,0,13,44,20,6,31,80,0,1,2,.261,.342,.460,.802
Lars Nootbaar,STL,OF,27,66,261,39,60,12,0,8,28,4,3,39,64,0,2,3,.230,.334,.368,.702
Rafael Devers,BOS,3B,28,70,261,46,72,18,0,14,57,1,1,54,73,0,2,4,.276,.405,.506,.911
Riley Greene,DET,OF,24,68,260,33,72,15,0,13,44,1,1,21,89,0,0,1,.277,.333,.485,.818
Seiya Suzuki,CHC,OF,30,65,259,37,69,18,2,17,57,2,2,25,76,0,5,0,.266,.325,.548,.873
Nick Castellanos,PHI,OF,33,68,258,29,74,17,1,6,32,2,0,14,53,0,4,3,.287,.326,.430,.756
Ozzie Albies,ATL,2B,28,67,258,32,60,9,0,6,25,6,1,27,46,0,1,2,.233,.309,.337,.646
Pete Alonso,NYM,1B,30,69,258,41,77,21,1,17,63,0,2,35,63,0,3,9,.298,.397,.585,.982
Heliot Ramos,SF,OF,25,67,258,44,76,13,1,11,36,5,3,25,68,0,4,6,.295,.365,.481,.846
Nathaniel Lowe,WSH,1B,29,68,258,26,59,11,0,9,42,1,0,23,76,0,1,1,.229,.293,.376,.669
Michael Harris,ATL,OF,24,67,257,15,60,10,2,5,38,10,3,10,56,3,4,1,.233,.261,.346,.607
Salvador Perez,KC,C,35,65,257,15,60,16,0,6,33,0,0,11,60,0,1,2,.233,.269,.366,.635
Trevor Story,BOS,SS,32,66,257,29,59,5,0,9,34,10,0,13,82,1,0,3,.230,.275,.354,.629
Kyle Tucker,CHC,OF,28,68,256,48,70,12,4,13,43,17,1,46,43,0,2,2,.273,.386,.504,.890
James Wood,WSH,OF,22,68,256,39,72,16,0,16,45,9,3,38,81,0,2,1,.281,.374,.531,.905
Jung Hoo Lee,SF,OF,26,67,255,41,70,17,4,6,32,6,1,22,33,0,3,2,.275,.333,.443,.776
Taylor Ward,LAA,OF,31,66,255,38,52,12,1,18,46,1,1,20,78,0,5,1,.204,.260,.471,.731
Willy Adames,SF,SS,29,68,255,36,52,11,1,7,31,3,2,32,78,0,5,1,.204,.290,.337,.627
Jose Altuve,HOU,2B,35,65,255,32,70,9,0,9,27,6,3,19,45,0,3,0,.275,.321,.416,.737
Yandy Diaz,TB,1B,33,63,254,28,65,13,0,10,39,3,0,19,40,0,3,1,.256,.307,.425,.732
Alec Bohm,PHI,3B,28,65,254,27,72,9,1,6,28,2,0,11,41,0,2,3,.283,.319,.398,.717
Jacob Wilson,ATH,SS,23,64,254,36,93,15,0,8,38,5,0,14,16,1,1,2,.366,.402,.520,.922
Nico Hoerner,CHC,2B,28,65,253,38,72,16,1,0,29,13,3,15,20,0,2,3,.285,.330,.356,.686
Manny Machado,SD,3B,32,67,253,47,81,18,0,10,39,8,2,26,45,0,2,0,.320,.381,.510,.891
Josh Naylor,ARI,1B,27,66,252,33,76,16,1,8,45,9,2,22,35,0,2,1,.302,.357,.468,.825
Vladimir Guerrero,TOR,1B,26,67,252,41,70,12,0,8,30,2,1,39,41,0,2,4,.278,.380,.421,.801
Isaac Paredes,HOU,3B,26,67,251,37,64,9,1,15,42,0,1,36,50,0,2,3,.255,.353,.478,.831
Fernando Tatis,SD,OF,26,65,251,46,65,8,1,13,28,14,2,30,52,0,1,2,.259,.342,.454,.796
Aaron Judge,NYY,OF,33,67,250,64,98,17,2,25,59,6,3,45,69,0,1,3,.392,.488,.776,1.264
Paul Goldschmidt,NYY,1B,37,67,249,42,78,13,1,7,31,5,0,22,48,0,1,2,.313,.372,.458,.830
Eugenio Suarez,ARI,3B,33,68,249,41,58,13,0,19,52,1,0,20,72,0,3,7,.233,.305,.514,.819
Trevor Larnach,MIN,OF,28,66,249,36,63,9,1,10,32,2,2,22,59,0,2,2,.253,.316,.418,.734
Steven Kwan,CLE,OF,27,64,249,31,76,14,0,5,22,9,1,23,23,1,2,3,.305,.368,.422,.790
Brice Turang,MIL,2B,25,67,249,44,66,8,0,4,26,15,4,33,62,1,3,1,.265,.350,.345,.695
Junior Caminero,TB,3B,21,64,249,37,62,15,0,15,41,5,0,13,49,0,3,1,.249,.286,.490,.776
Brendan Donovan,STL,2B,28,64,248,35,77,20,0,4,26,3,1,22,37,1,1,6,.310,.379,.440,.819
TJ Friedl,CIN,OF,29,65,248,41,73,11,2,7,25,9,3,34,46,2,2,3,.294,.383,.440,.823
Christian Walker,HOU,1B,34,66,248,26,54,9,1,9,33,0,0,17,75,0,2,5,.218,.279,.371,.650
Kyle Schwarber,PHI,DH,32,68,248,48,61,9,1,21,47,5,1,48,78,0,0,4,.246,.377,.544,.921
Matt Olson,ATL,1B,31,67,248,38,59,15,0,14,39,0,0,40,68,0,2,2,.238,.346,.468,.814
Ian Happ,CHC,OF,30,60,247,43,62,14,0,7,29,3,1,33,64,0,2,1,.251,.339,.393,.732
Hunter Goodman,COL,C,25,66,247,33,71,16,3,11,39,1,2,14,67,0,1,3,.287,.332,.510,.842
Andy Pages,LAD,OF,24,65,246,31,70,10,1,12,40,6,2,13,49,0,1,3,.285,.327,.480,.807
Maikel Garcia,KC,3B,25,67,245,29,74,16,2,7,31,13,7,25,38,1,2,1,.302,.366,.469,.835
Luis Arraez,SD,1B,28,61,245,31,68,15,3,3,25,3,1,13,5,4,3,1,.278,.313,.400,.713
Juan Soto,NYM,OF,26,68,245,50,62,14,0,13,35,8,0,56,50,0,4,1,.253,.389,.469,.858
Cal Raleigh,SEA,C,28,66,245,44,65,11,0,26,53,7,2,39,76,0,1,3,.265,.372,.629,1.001
Jose Ramirez,CLE,3B,32,65,245,42,81,15,1,12,33,20,4,24,29,0,4,3,.331,.391,.547,.938
Willson Contreras,STL,C,33,65,245,32,63,15,0,8,43,2,0,21,66,1,1,9,.257,.337,.416,.753
Christian Yelich,MIL,OF,33,65,244,34,58,5,0,13,41,10,2,28,74,0,1,3,.238,.322,.418,.740
Lourdes Gurriel,ARI,OF,31,63,244,24,62,13,1,10,37,4,1,16,38,0,5,2,.254,.300,.439,.739
Nolan Arenado,STL,3B,34,64,243,30,59,10,1,8,35,1,0,20,29,0,2,2,.243,.303,.391,.694
Wilmer Flores,SF,1B,33,67,243,29,63,5,0,11,51,1,0,20,49,0,1,4,.259,.325,.416,.741
Mookie Betts,LAD,OF,32,62,242,47,65,7,1,9,33,5,0,30,25,0,2,1,.269,.349,.417,.766
Ty France,MIN,1B,30,66,242,28,67,11,0,4,36,1,0,12,40,0,1,12,.277,.341,.372,.713
Randy Arozarena,SEA,OF,30,65,241,26,55,14,1,8,27,11,0,32,81,0,1,10,.228,.342,.394,.736
Brandon Nimmo,NYM,OF,32,65,241,33,58,12,0,13,37,4,1,21,49,0,2,2,.241,.305,.452,.757
Brandon Lowe,TB,2B,30,63,240,37,59,9,0,13,36,2,1,17,67,0,2,1,.246,.296,.446,.742
Miguel Vargas,CWS,3B,25,66,240,32,58,17,1,9,30,2,0,26,48,0,1,3,.242,.322,.433,.755
Geraldo Perdomo,ARI,SS,25,67,239,34,63,15,0,7,45,11,0,38,34,2,9,3,.264,.360,.414,.774
Spencer Torkelson,DET,1B,25,67,239,39,56,15,0,16,47,1,0,34,70,0,3,5,.234,.338,.498,.836
Anthony Volpe,NYY,SS,24,66,238,31,58,20,2,8,38,7,4,25,67,0,4,3,.244,.319,.445,.764
Jonathan India,KC,2B,28,62,238,27,60,12,0,3,18,0,3,28,38,0,2,3,.252,.336,.340,.676
Marcus Semien,TEX,2B,34,68,238,27,52,4,0,7,28,6,1,28,54,0,3,2,.218,.303,.324,.627
Ke'Bryan Hayes,PIT,3B,28,64,237,19,55,4,2,2,19,8,2,15,51,1,0,4,.232,.289,.291,.580
Gunnar Henderson,BAL,SS,23,60,237,32,65,12,2,8,19,8,1,21,68,0,0,1,.274,.336,.443,.779
Sal Frelick,MIL,OF,25,67,236,27,69,6,3,4,23,12,2,20,33,2,0,3,.292,.355,.394,.749
William Contreras,MIL,C,27,65,235,35,56,8,0,5,28,5,0,40,59,0,1,0,.238,.348,.336,.684
Bryson Stott,PHI,2B,27,62,232,30,55,6,2,4,26,11,2,20,46,1,1,1,.237,.299,.332,.631
Cody Bellinger,NYY,OF,29,62,231,36,59,11,3,9,36,7,2,26,41,0,5,1,.255,.327,.446,.773
Matt Chapman,SF,3B,32,65,230,35,56,12,0,12,30,7,2,40,65,0,0,2,.243,.360,.452,.812
Jackson Holliday,BAL,2B,21,61,230,28,61,10,2,8,27,7,5,13,59,0,0,4,.265,.316,.430,.746
Eric Wagaman,MIA,3B,27,61,229,26,57,13,1,4,19,2,1,16,44,0,2,0,.249,.296,.367,.663
J.P. Crawford,SEA,SS,30,65,229,28,64,9,0,5,24,3,0,43,51,2,0,1,.279,.396,.384,.780
Xander Bogaerts,SD,SS,32,66,229,28,55,10,0,3,23,13,0,29,49,0,4,1,.240,.323,.323,.646
Nolan Schanuel,LAA,1B,23,65,229,34,65,13,1,3,21,3,1,34,35,3,1,2,.284,.380,.389,.769
Kerry Carpenter,DET,OF,27,65,228,36,60,10,1,13,27,1,1,7,50,0,1,2,.263,.290,.487,.777
Ryan McMahon,COL,3B,30,66,227,27,49,10,1,8,19,1,1,39,76,0,1,1,.216,.332,.374,.706
Marcell Ozuna,ATL,DH,34,64,226,31,58,7,0,10,30,0,0,51,63,0,2,2,.257,.395,.420,.815
Adolis Garcia,TEX,OF,32,64,226,21,49,13,0,8,33,7,2,13,62,0,5,3,.217,.263,.381,.644
Yainer Diaz,HOU,C,26,60,226,25,56,8,1,8,28,0,1,9,43,0,1,2,.248,.282,.398,.680
Spencer Steer,CIN,OF,27,62,226,24,51,10,0,4,21,3,1,20,64,0,0,1,.226,.291,.323,.614
Ceddanne Rafaela,BOS,OF,24,65,224,37,57,11,2,6,25,10,0,14,49,2,1,3,.254,.306,.402,.708
Adley Rutschman,BAL,C,27,62,222,29,50,9,1,7,19,0,0,29,42,0,1,1,.225,.316,.369,.685
Josh Jung,TEX,3B,27,60,221,23,58,9,1,7,27,4,1,14,56,0,0,1,.262,.309,.407,.716
Wyatt Langford,TEX,OF,23,58,221,29,51,8,0,13,30,11,3,26,65,0,3,1,.231,.311,.443,.754
Jorge Soler,LAA,OF,33,62,220,25,47,10,0,8,26,0,0,21,70,0,2,3,.214,.289,.368,.657
Carlos Santana,CLE,1B,39,63,219,32,55,6,0,8,34,2,0,32,44,0,3,3,.251,.350,.388,.738
Rhys Hoskins,MIL,1B,32,66,218,22,55,9,0,10,37,2,1,30,68,0,4,2,.252,.343,.431,.774
Masyn Winn,STL,SS,23,58,218,40,58,11,0,6,22,3,5,20,46,1,2,3,.266,.333,.399,.732
Gabriel Arias,CLE,SS,25,64,218,25,52,15,0,4,25,3,3,15,70,1,2,5,.239,.300,.362,.662
Kyle Stowers,MIA,OF,27,62,217,25,59,8,2,10,33,3,1,20,72,1,2,3,.272,.339,.465,.804
Oneil Cruz,PIT,OF,26,61,217,39,49,10,1,13,29,24,3,40,88,0,2,3,.226,.351,.461,.812
Kristian Campbell,BOS,2B,22,61,217,23,50,10,0,6,21,2,1,26,68,0,1,3,.230,.320,.359,.679
Keibert Ruiz,WSH,C,26,57,216,18,53,10,0,2,22,0,2,8,23,0,0,3,.245,.282,.319,.601
Freddie Freeman,LAD,1B,35,58,216,37,75,21,1,9,41,0,1,26,48,0,3,2,.347,.417,.579,.996
Brenton Doyle,COL,OF,27,57,216,20,45,8,2,5,24,7,0,18,58,0,2,0,.208,.267,.333,.600
CJ Abrams,WSH,SS,24,55,216,38,57,14,2,9,22,11,2,13,45,1,1,9,.264,.331,.472,.803
Luis Robert,CWS,OF,27,61,214,25,40,7,0,6,26,21,5,25,76,0,2,1,.187,.273,.304,.577
Bryce Harper,PHI,1B,32,57,213,32,55,13,0,9,34,8,0,35,47,0,2,3,.258,.368,.446,.814
Teoscar Hernandez,LAD,OF,32,54,211,33,55,15,0,11,47,5,0,8,53,0,2,1,.261,.288,.488,.776
Gavin Sheets,SD,OF,29,64,211,23,53,8,1,11,39,1,0,16,53,0,2,2,.251,.307,.455,.762
Jake Meyers,HOU,OF,28,66,211,29,61,11,1,3,16,10,3,19,41,2,1,0,.289,.346,.393,.739
Joey Ortiz,MIL,3B,26,68,211,25,40,8,0,2,10,7,2,17,39,4,0,3,.190,.260,.256,.516
Jordan Beck,COL,OF,24,58,211,31,56,11,4,8,20,8,4,16,62,0,1,2,.265,.322,.469,.791
Luis Garcia,WSH,2B,25,59,210,29,55,15,0,5,28,7,4,14,30,0,5,2,.262,.307,.405,.712
Jake Burger,TEX,1B,29,58,209,27,47,11,0,10,28,1,1,6,56,0,2,3,.225,.255,.421,.676
J.T. Realmuto,PHI,C,34,56,209,21,49,9,1,5,25,4,1,19,54,0,0,1,.234,.301,.359,.660
Andrew McCutchen,PIT,DH,38,61,209,21,55,11,0,6,25,1,0,28,47,0,2,2,.263,.353,.402,.755
Mike Yastrzemski,SF,OF,34,63,208,27,50,11,1,5,24,5,2,30,52,0,1,1,.240,.338,.375,.713
Josh Smith,TEX,3B,27,60,208,26,58,9,1,6,19,8,3,20,41,1,1,1,.279,.343,.418,.761
Zach McKinstry,DET,SS,30,63,208,34,58,10,7,3,19,6,1,28,55,1,2,1,.279,.364,.438,.802
Wilyer Abreu,BOS,OF,25,64,208,28,51,8,0,13,32,4,2,24,54,0,2,0,.245,.321,.471,.792
Michael Busch,CHC,1B,27,64,208,29,55,11,3,11,39,3,0,27,57,0,0,5,.264,.363,.505,.868
Matt McLain,CIN,2B,25,59,207,27,38,5,0,7,22,11,0,26,72,1,1,3,.184,.283,.309,.592
Shea Langeliers,ATH,C,27,56,207,25,49,10,0,10,27,4,1,20,43,0,3,0,.237,.300,.430,.730
Carlos Correa,MIN,SS,30,57,207,25,52,13,0,5,21,0,0,12,41,0,1,0,.251,.291,.386,.677
Ernie Clement,TOR,3B,29,66,207,26,58,14,0,4,18,2,3,11,25,3,2,1,.280,.317,.406,.723
Luis Rengifo,LAA,2B,28,60,207,15,43,7,0,1,12,1,4,10,36,1,2,0,.208,.242,.256,.498
Gleyber Torres,DET,2B,28,57,206,30,55,9,0,5,30,4,1,33,29,0,2,3,.267,.373,.383,.756
Max Muncy,LAD,3B,34,64,206,23,49,8,1,9,35,3,0,40,61,0,4,3,.238,.364,.417,.781
Xavier Edwards,MIA,SS,25,52,206,23,56,6,1,0,14,11,5,23,36,2,2,1,.272,.345,.311,.656
George Springer,TOR,OF,35,64,205,35,53,15,1,10,31,7,0,35,56,0,4,2,.259,.366,.488,.854
Jonathan Aranda,TB,1B,27,63,204,32,64,12,0,7,36,0,1,25,56,0,2,7,.314,.403,.475,.878
Lenyn Sosa,CWS,2B,25,57,201,15,55,10,0,4,17,1,0,5,48,1,0,0,.274,.291,.383,.674
Alejandro Kirk,TOR,C,26,55,200,17,65,8,0,5,31,0,0,14,22,0,3,1,.325,.367,.440,.807
Ben Rice,NYY,1B,26,59,200,33,47,11,1,12,26,3,1,20,51,0,1,6,.235,.322,.480,.802
Max Kepler,PHI,OF,32,62,200,26,42,13,0,7,24,0,0,22,48,0,1,3,.210,.296,.380,.676
Gavin Lux,CIN,2B,27,61,200,21,56,14,1,2,27,1,0,27,55,0,0,0,.280,.366,.390,.756
Ryan O'Hearn,BAL,1B,31,57,199,27,61,8,0,9,26,3,1,24,41,0,2,4,.307,.389,.482,.871
Byron Buxton,MIN,OF,31,52,199,39,55,8,3,11,41,11,0,19,64,0,4,2,.276,.339,.513,.852
Victor Scott,STL,OF,24,64,199,29,48,8,1,2,19,18,1,22,60,4,2,5,.241,.329,.322,.651
Zach Neto,LAA,SS,24,49,199,38,56,12,1,10,26,11,4,9,58,0,1,2,.281,.318,.503,.821
Logan O'Hoppe,LAA,C,25,56,199,21,47,2,0,14,31,0,0,8,70,0,1,1,.236,.268,.457,.725
Michael Massey,KC,2B,27,56,198,10,40,5,0,2,14,1,0,5,32,1,4,1,.202,.221,.258,.479
Alex Bregman,BOS,3B,31,51,197,32,59,17,0,11,35,1,1,22,42,0,1,6,.299,.385,.553,.938
Josh Bell,WSH,1B,32,57,197,19,35,2,1,9,24,0,1,22,45,0,0,3,.178,.270,.335,.605
Javier Baez,DET,SS,32,58,197,26,54,10,0,6,31,1,1,5,48,0,0,3,.274,.302,.416,.718
Santiago Espinal,CIN,3B,30,59,196,17,47,9,0,0,12,2,1,15,21,2,0,0,.240,.294,.286,.580
Kyle Manzardo,CLE,DH,24,58,195,22,41,7,2,11,31,1,0,23,59,0,3,2,.210,.296,.436,.732
Adam Frazier,PIT,2B,33,62,193,18,50,9,0,3,18,4,4,15,34,0,2,4,.259,.322,.352,.674
Trent Grisham,NYY,OF,28,59,193,33,47,3,1,13,28,0,1,31,50,0,0,1,.244,.351,.472,.823
Isiah Kiner-Falefa,PIT,SS,30,57,192,21,57,10,1,1,14,9,3,11,32,1,0,4,.297,.348,.375,.723
Trey Sweeney,DET,SS,25,62,191,25,42,3,1,4,23,2,1,16,51,0,3,0,.220,.276,.309,.585
Austin Wells,NYY,C,25,57,189,26,43,12,1,11,42,3,1,16,52,0,6,4,.228,.293,.476,.769
Michael Conforto,LAD,OF,32,61,189,25,33,9,0,4,12,1,0,32,59,0,1,7,.175,.314,.286,.600
Cedric Mullins,BAL,OF,30,52,189,27,44,11,0,10,32,8,2,23,54,0,1,2,.233,.321,.450,.771
Ryan Mountcastle,BAL,1B,28,52,187,19,46,13,0,2,15,1,0,8,46,0,3,2,.246,.280,.348,.628
Dillon Dingler,DET,C,26,53,187,19,53,9,1,7,29,0,0,5,54,0,0,3,.283,.313,.455,.768
Mark Vientos,NYM,3B,25,53,187,22,43,8,1,6,21,0,0,17,49,0,2,2,.230,.298,.380,.678
Michael Toglia,COL,1B,26,54,186,14,36,9,1,6,20,2,0,18,81,0,2,1,.194,.266,.349,.615
Ryan Jeffers,MIN,C,28,55,186,21,46,13,0,4,21,0,0,24,43,0,0,3,.247,.343,.382,.725
Angel Martinez,CLE,OF,23,53,186,22,45,8,1,4,24,4,0,5,40,1,2,1,.242,.263,.360,.623
Andrew Vaughn,CWS,1B,27,48,185,9,35,8,0,5,19,0,0,7,43,0,1,0,.189,.218,.314,.532
Alec Burleson,STL,OF,26,58,185,19,54,8,0,5,20,3,0,13,29,0,1,0,.292,.337,.416,.753
Brooks Lee,MIN,SS,24,52,184,16,47,6,0,5,22,1,1,10,35,0,2,1,.255,.294,.370,.664
Otto Lopez,MIA,2B,26,51,184,24,42,7,0,6,24,7,3,19,29,0,0,1,.228,.304,.364,.668
JJ Bleday,ATH,OF,27,53,184,27,37,10,0,7,21,1,2,26,45,0,1,0,.201,.299,.370,.669
Jo Adell,LAA,OF,26,60,184,23,41,7,0,13,34,2,0,12,50,0,0,7,.223,.296,.473,.769
Tommy Edman,LAD,OF,30,50,184,29,46,9,1,9,33,3,1,8,34,0,4,3,.250,.286,.457,.743
Anthony Santander,TOR,OF,30,50,184,14,33,5,0,6,18,0,0,24,55,0,1,0,.179,.273,.304,.577
Jorge Polanco,SEA,2B,31,55,183,21,48,7,0,10,32,2,1,11,25,1,1,2,.262,.310,.464,.774
Jasson Dominguez,NYY,OF,22,54,183,29,44,10,0,6,25,8,0,26,63,0,3,1,.240,.333,.393,.726
Tyrone Taylor,NYM,OF,31,62,181,18,43,9,3,1,11,8,1,10,42,1,1,8,.238,.305,.337,.642
Will Smith,LAD,C,30,54,179,30,58,12,1,6,37,2,3,33,38,0,4,2,.324,.427,.503,.930
Carlos Narvaez,BOS,C,26,53,179,29,50,14,0,6,22,1,1,21,50,0,0,0,.279,.355,.458,.813
Cam Smith,HOU,3B,22,54,179,22,44,10,1,3,20,3,0,17,58,0,0,3,.246,.322,.363,.685
Colt Keith,DET,2B,23,61,177,28,42,11,1,4,19,0,0,24,43,0,1,0,.237,.327,.379,.706
Alek Thomas,ARI,OF,25,59,176,21,48,9,2,3,19,4,2,7,43,1,1,4,.273,.314,.398,.712
Kameron Misner,TB,OF,27,62,174,25,38,9,1,5,18,7,1,16,59,0,2,1,.218,.285,.368,.653
Jesus Sanchez,MIA,OF,27,48,170,19,44,6,1,5,26,7,1,20,44,0,2,1,.259,.337,.394,.731
Jonah Heim,TEX,C,29,52,170,17,40,4,0,7,20,3,0,9,44,0,2,1,.235,.275,.382,.657
Miguel Andujar,ATH,OF,30,46,169,19,50,7,1,3,20,1,0,9,23,0,2,0,.296,.328,.402,.730
Agustin Ramirez,MIA,C,23,42,168,19,38,11,0,8,19,1,2,13,30,0,0,0,.226,.282,.435,.717
Drew Waters,KC,OF,26,52,167,20,45,6,3,1,13,5,2,7,47,0,0,2,.269,.307,.359,.666
Nick Allen,ATL,SS,26,58,167,17,39,6,0,0,12,6,4,16,42,3,2,3,.234,.309,.269,.578
Gabriel Moreno,ARI,C,25,51,166,28,46,8,1,5,20,1,1,13,30,0,0,1,.277,.333,.428,.761
Connor Norby,MIA,3B,25,46,166,22,42,10,1,3,17,5,2,6,50,0,0,3,.253,.291,.380,.671
Luis Urias,ATH,3B,28,54,166,20,40,6,0,6,14,2,0,22,28,0,2,3,.241,.337,.386,.723
Pavin Smith,ARI,OF,29,62,166,25,46,13,1,5,17,2,1,32,59,0,0,0,.277,.394,.458,.852
Harrison Bader,MIN,OF,31,60,165,20,42,8,0,6,24,6,3,17,44,0,2,6,.255,.342,.412,.754
Jackson Merrill,SD,OF,22,42,165,24,50,10,2,5,26,1,1,10,39,0,2,1,.303,.343,.479,.822
Ben Williamson,SEA,3B,24,48,165,24,42,7,0,1,13,2,1,7,44,1,0,1,.255,.289,.315,.604
Chase Meidroth,CWS,SS,23,46,164,21,47,5,0,2,9,8,3,23,24,0,0,0,.287,.374,.354,.728
Willi Castro,MIN,OF,28,48,164,28,46,10,1,6,16,3,1,17,45,0,0,4,.280,.362,.463,.825
Mickey Moniak,COL,OF,27,58,163,21,37,4,4,7,18,2,2,11,42,0,1,1,.227,.278,.429,.707
Patrick Bailey,SF,C,26,56,162,17,30,9,1,1,16,0,0,14,57,1,3,0,.185,.246,.272,.518
Kyle Farmer,COL,SS,34,52,161,7,36,13,0,3,17,0,0,9,36,0,1,1,.224,.267,.360,.627
Kyle Isbel,KC,OF,28,61,159,17,43,4,3,3,15,1,1,4,29,7,3,0,.270,.283,.390,.673
Dylan Crews,WSH,OF,23,45,158,24,31,2,1,7,15,11,3,11,48,0,0,4,.196,.266,.354,.620
Jordan Walker,STL,OF,23,47,158,18,34,4,1,3,23,3,2,11,57,0,1,2,.215,.273,.310,.583
Tyler Fitzgerald,SF,SS,27,48,156,17,38,7,1,2,9,9,4,13,44,3,1,2,.244,.308,.340,.648
Heston Kjerstad,BAL,OF,26,54,156,16,30,5,2,4,19,1,0,6,45,0,1,4,.192,.240,.327,.567
Bo Naylor,CLE,C,25,52,156,24,30,5,1,9,19,1,1,26,47,1,2,0,.192,.304,.410,.714
Pedro Pages,STL,C,26,51,155,17,33,8,0,5,22,0,0,9,38,1,1,1,.213,.259,.361,.620
Caleb Durbin,MIL,2B,25,49,155,16,32,10,0,2,22,5,2,10,14,2,2,11,.206,.298,.310,.608
Rowdy Tellez,SEA,1B,30,57,154,17,32,4,0,10,26,0,0,8,40,0,2,2,.208,.253,.429,.682
Ramon Urias,BAL,3B,31,46,154,16,42,6,0,3,21,1,0,16,33,0,6,0,.273,.330,.370,.700
Nolan Jones,CLE,OF,27,61,154,11,32,6,1,2,16,3,3,17,47,1,1,2,.208,.293,.299,.592
Alex Verdugo,ATL,OF,29,42,154,17,38,10,0,0,11,1,0,10,24,0,0,2,.247,.301,.312,.613
Brett Baty,NYM,3B,25,51,153,15,34,4,2,7,23,3,0,9,44,0,1,1,.222,.268,.412,.680
Jose Caballero,TB,SS,28,56,152,24,36,11,1,2,20,25,5,20,52,1,1,1,.237,.328,.362,.690
Taylor Walls,TB,SS,28,57,152,20,32,4,0,2,16,8,5,19,38,0,4,0,.211,.291,.276,.567
Tommy Pham,PIT,OF,37,48,152,12,30,4,0,0,8,3,0,15,47,0,1,1,.197,.272,.224,.496
Addison Barger,TOR,3B,25,47,151,21,40,13,0,7,22,1,0,12,38,0,0,1,.265,.323,.490,.813
Andres Gimenez,TOR,2B,26,43,150,20,32,6,0,4,14,9,1,13,27,1,1,4,.213,.292,.333,.625
Andrew Benintendi,CWS,OF,30,43,150,20,36,7,1,6,23,0,0,15,32,0,3,2,.240,.312,.420,.732
Eli White,ATL,OF,30,55,149,23,35,7,3,3,15,5,1,7,36,1,0,1,.235,.274,.383,.657
Mike Trout,LAA,OF,33,41,148,19,33,2,1,10,25,2,0,18,46,0,3,1,.223,.306,.453,.759
Ketel Marte,ARI,2B,31,42,148,33,44,6,0,12,22,2,1,28,24,0,0,4,.297,.422,.581,1.003
Joey Bart,PIT,C,28,44,146,7,35,5,1,1,11,1,0,21,40,0,0,3,.240,.347,.308,.655
LaMonte Wade,SF,1B,31,50,144,12,24,8,2,1,15,0,0,21,35,2,1,1,.167,.275,.271,.546
Dylan Moore,SEA,2B,32,52,143,22,34,4,0,8,16,8,4,13,51,0,2,0,.238,.297,.434,.731
Corey Seager,TEX,SS,31,38,143,17,34,4,0,6,12,0,0,16,32,0,0,0,.238,.314,.392,.706
Christopher Morel,TB,2B,25,51,142,21,30,9,0,5,15,3,2,13,55,0,0,2,.211,.287,.380,.667
Daniel Schneemann,CLE,SS,28,51,142,20,35,7,0,7,18,4,1,18,40,1,0,0,.246,.331,.444,.775
Carson Kelly,CHC,C,30,43,140,27,35,4,1,9,24,0,0,25,24,0,1,1,.250,.365,.486,.851
Elias Diaz,SD,C,34,52,139,16,30,4,0,3,9,0,0,12,36,1,0,1,.216,.283,.309,.592
Luisangel Acuna,NYM,SS,23,60,138,23,33,6,0,0,6,11,1,9,27,1,1,1,.239,.289,.283,.572
Matt Shaw,CHC,3B,23,40,138,22,33,8,0,2,8,7,1,15,32,0,0,0,.239,.314,.341,.655
Javier Sanoja,MIA,OF,22,53,137,16,34,10,0,1,14,3,4,10,23,3,3,0,.248,.293,.343,.636
Danny Jansen,TB,C,30,45,137,15,27,5,0,5,14,0,0,21,40,0,0,3,.197,.317,.343,.660
Victor Caratini,HOU,C,31,44,135,14,34,7,0,3,10,0,0,10,24,0,1,6,.252,.329,.370,.699
Jake Cronenworth,SD,2B,31,43,135,19,32,6,1,4,15,1,1,26,36,1,2,3,.237,.367,.385,.752
Sean Murphy,ATL,C,30,41,135,14,30,5,0,9,21,0,0,16,48,0,1,5,.222,.325,.459,.784
Edgar Quero,CWS,C,22,43,135,8,37,6,0,0,16,0,1,14,26,0,1,2,.274,.349,.319,.668
Enrique Hernandez,LAD,3B,33,55,133,19,29,3,0,7,18,0,0,13,40,1,1,0,.218,.286,.398,.684
Drake Baldwin,ATL,C,24,45,132,14,39,4,0,7,19,0,0,10,24,0,0,0,.295,.345,.485,.830
Jazz Chisholm,NYY,3B,27,38,131,21,28,4,0,9,24,10,2,18,46,0,2,4,.214,.323,.450,.773
Ivan Herrera,STL,C,25,37,130,20,40,8,0,7,31,1,0,15,29,0,2,2,.308,.383,.531,.914
Brooks Baldwin,CWS,2B,24,44,130,8,28,6,0,3,16,2,0,7,38,2,2,1,.215,.257,.331,.588
Jose Tena,WSH,3B,24,42,129,18,32,12,2,0,13,1,1,15,29,0,1,0,.248,.324,.372,.696
Jose Trevino,CIN,C,32,43,129,18,38,14,0,4,13,0,0,7,17,1,1,0,.295,.328,.496,.824
Alex Call,WSH,OF,30,46,129,19,35,6,2,2,16,1,0,19,22,4,3,5,.271,.378,.395,.773
Joshua Palacios,CWS,OF,29,51,128,11,26,4,0,3,9,0,0,12,36,1,0,4,.203,.292,.305,.597
Ezequiel Tovar,COL,SS,23,32,128,14,33,6,2,3,10,2,2,7,30,2,0,1,.258,.301,.406,.707
Alexander Canario,PIT,OF,25,41,127,14,27,3,1,3,7,2,0,10,44,0,0,0,.213,.270,.323,.593
Kyren Paris,LAA,SS,23,43,126,20,24,4,1,6,11,7,1,10,59,0,0,3,.190,.266,.381,.647
Chandler Simpson,TB,OF,24,35,123,17,35,4,0,0,11,19,3,6,14,1,1,0,.285,.315,.317,.632
Jose Iglesias,SD,2B,35,44,122,7,30,5,0,0,13,2,1,8,21,2,1,4,.246,.311,.287,.598
Joc Pederson,TEX,DH,33,46,122,10,16,5,1,2,6,1,0,20,28,0,0,3,.131,.269,.238,.507
Nathan Lukes,TOR,OF,30,49,120,19,32,3,0,4,21,1,2,16,18,4,1,2,.267,.360,.392,.752
Matt Mervis,MIA,DH,27,42,120,15,21,4,0,7,14,0,0,11,50,0,1,2,.175,.254,.383,.637
Austin Hays,CIN,OF,29,31,119,23,36,6,3,6,25,2,0,8,32,0,2,1,.303,.346,.555,.901
Starling Marte,NYM,OF,36,46,118,19,28,5,0,4,15,4,2,11,24,1,1,8,.237,.341,.381,.722
Jacob Young,WSH,OF,25,46,118,15,28,4,1,0,6,5,5,11,19,4,0,2,.237,.313,.288,.601
Michael Taylor,CWS,OF,34,60,117,18,25,8,1,3,14,7,2,12,46,1,1,0,.214,.285,.376,.661
Ramon Laureano,BAL,OF,30,42,116,15,31,7,0,7,15,2,0,10,35,0,2,1,.267,.326,.509,.835
Dane Myers,MIA,OF,29,41,116,14,35,6,0,3,15,8,3,8,30,0,0,1,.302,.352,.431,.783
Brandon Marsh,PHI,OF,27,48,116,15,28,6,0,2,13,3,1,18,36,1,1,0,.241,.341,.345,.686
Isaac Collins,MIL,OF,27,52,116,15,28,5,1,2,11,7,2,19,31,1,0,2,.241,.358,.353,.711
Tim Tawa,ARI,2B,26,45,115,17,27,6,0,6,14,6,2,12,32,1,3,1,.235,.305,.443,.748
Myles Straw,TOR,OF,30,56,115,18,31,6,0,1,13,5,1,5,15,5,0,0,.270,.300,.348,.648
Jeff McNeil,NYM,2B,33,38,115,13,31,5,3,7,22,1,0,17,12,0,2,1,.270,.363,.548,.911
Liam Hicks,MIA,C,26,43,114,14,31,7,1,4,24,0,0,12,17,2,1,2,.272,.349,.456,.805
Johan Rojas,PHI,OF,24,51,113,17,26,2,2,1,14,8,2,9,33,4,2,0,.230,.282,.310,.592
Mauricio Dubon,HOU,OF,30,45,113,11,27,6,0,1,11,2,0,5,7,1,0,0,.239,.271,.319,.590
Freddy Fermin,KC,C,30,39,113,11,29,3,0,2,8,0,0,6,20,1,0,1,.257,.300,.336,.636
Tyler Stephenson,CIN,C,28,31,112,14,27,6,0,5,16,0,1,14,45,0,1,0,.241,.323,.429,.752
Luis Torrens,NYM,C,29,41,112,7,26,9,1,1,13,0,0,13,29,0,0,1,.232,.317,.357,.674
Jake Mangum,TB,OF,29,33,112,9,34,4,0,1,15,10,0,6,16,1,0,0,.304,.339,.366,.705
Nolan Gorman,STL,2B,25,41,111,14,24,6,1,3,14,0,1,16,38,0,3,0,.216,.308,.369,.677
Brendan Rodgers,HOU,2B,28,41,109,11,20,4,0,2,11,0,1,11,46,0,1,1,.183,.262,.275,.537
Kyle Higashioka,TEX,C,35,34,108,10,25,6,0,1,16,0,0,6,20,0,0,1,.231,.278,.315,.593
Miles Mastrobuoni,SEA,3B,29,52,108,13,26,3,0,1,8,3,3,13,21,3,1,0,.241,.320,.296,.616
Jared Triolo,PIT,3B,27,43,107,9,20,6,0,2,7,5,1,13,19,2,1,1,.187,.279,.299,.578
Amed Rosario,WSH,2B,29,34,107,15,30,7,0,3,13,1,0,3,15,0,0,2,.280,.313,.430,.743
Oswaldo Cabrera,NYY,3B,26,34,107,17,26,4,0,1,11,0,1,11,25,1,1,2,.243,.322,.308,.630
Mitch Garver,SEA,C,34,40,105,10,21,3,0,1,10,3,0,16,36,0,0,1,.200,.311,.257,.568
Francisco Alvarez,NYM,C,23,30,105,6,26,3,0,2,10,0,0,11,33,0,0,2,.248,.331,.333,.664
Jordan Westburg,BAL,2B,26,26,103,14,23,3,1,6,10,0,1,6,25,0,0,2,.223,.279,.447,.726
Jhonkensy Noel,CLE,OF,23,46,103,12,15,2,0,2,9,0,0,3,34,0,1,0,.146,.168,.223,.391
Christian Vazquez,MIN,C,34,35,103,10,21,6,0,2,9,0,1,11,18,0,1,0,.204,.278,.320,.598
Jake Fraley,CIN,OF,30,39,103,19,22,3,0,5,14,4,2,18,21,0,0,0,.214,.331,.388,.719
Nick Martini,COL,OF,34,43,102,9,23,4,0,1,4,0,0,9,18,0,0,0,.225,.288,.294,.582
Oswald Peraza,NYY,3B,24,44,102,13,17,5,0,3,11,0,0,10,30,0,0,1,.167,.248,.304,.552
Nick Kurtz,ATH,1B,22,30,102,11,24,3,1,5,15,0,1,11,39,0,3,0,.235,.302,.431,.733
Yordan Alvarez,HOU,OF,27,29,100,7,21,4,0,3,18,1,0,16,21,0,5,0,.210,.306,.340,.646
Triston Casas,BOS,1B,25,29,99,5,18,3,0,3,11,0,0,11,27,0,0,2,.182,.277,.303,.580
Hunter Renfroe,KC,OF,33,35,99,5,18,6,0,0,4,0,0,8,21,0,1,0,.182,.241,.242,.483
Gio Urshela,ATH,3B,33,32,98,3,22,9,1,0,13,0,0,7,17,2,0,0,.224,.276,.337,.613
Zach Dezenzo,HOU,1B,25,34,98,17,24,6,0,2,10,1,0,11,37,0,0,0,.245,.321,.367,.688
Max Muncy,ATH,SS,22,28,97,7,20,4,0,4,11,1,0,3,31,0,0,0,.206,.230,.371,.601
Yoan Moncada,LAA,3B,30,30,97,16,23,6,1,6,19,0,0,13,32,0,1,2,.237,.336,.505,.841
Travis d'Arnaud,LAA,C,36,31,96,6,22,6,0,3,8,0,0,6,34,0,1,2,.229,.286,.385,.671
Jake Bauers,MIL,1B,29,44,96,12,22,5,0,5,18,4,0,14,37,0,1,0,.229,.324,.438,.762
Josh Rojas,CWS,3B,30,33,95,8,17,4,0,0,4,3,0,11,30,1,1,0,.179,.262,.221,.483
Royce Lewis,MIN,3B,26,29,95,9,18,4,0,1,8,0,0,11,16,0,0,0,.189,.274,.263,.537
Andy Ibanez,DET,2B,32,46,94,14,20,4,0,2,15,3,0,7,14,0,1,4,.213,.292,.319,.611
Abraham Toro,BOS,3B,28,27,94,15,31,8,0,5,12,0,0,3,14,0,1,1,.330,.354,.574,.928
Edmundo Sosa,PHI,SS,29,35,94,11,26,5,0,1,13,0,0,6,20,1,1,1,.277,.324,.362,.686
Justin Turner,CHC,1B,40,38,94,6,20,2,0,1,11,1,0,12,20,0,3,1,.213,.300,.266,.566
Miguel Rojas,LAD,SS,36,41,93,8,20,3,0,1,5,0,0,4,14,1,0,0,.215,.247,.280,.527
Miguel Amaya,CHC,C,26,27,93,14,26,9,0,4,25,0,0,4,22,1,1,1,.280,.313,.505,.818
Justyn-Henry Malloy,DET,OF,25,45,93,13,20,4,0,1,16,0,0,19,31,0,2,1,.215,.348,.290,.638
Curtis Mead,TB,2B,24,39,92,7,20,2,0,3,7,3,1,6,26,0,1,3,.217,.284,.337,.621
Daulton Varsho,TOR,OF,28,24,92,14,19,5,1,8,20,1,0,5,31,0,3,0,.207,.240,.543,.783
Josh Lowe,TB,OF,27,25,92,16,22,6,0,3,7,4,0,9,22,0,0,0,.239,.307,.402,.709
Leody Taveras,SEA,OF,26,28,92,6,16,3,0,2,9,3,2,3,27,2,1,0,.174,.198,.272,.470
Randal Grichuk,ARI,OF,33,42,92,13,23,9,0,3,11,0,0,8,21,0,0,0,.250,.310,.446,.756
Martin Maldonado,SD,C,38,37,91,5,17,2,0,3,7,0,0,5,32,3,0,0,.187,.229,.308,.537
Kody Clemens,MIN,3B,29,35,91,15,21,5,1,6,14,0,1,11,22,1,0,3,.231,.333,.505,.838
Enmanuel Valdez,PIT,2B,26,31,91,7,19,4,2,2,12,0,0,11,16,0,0,0,.209,.294,.363,.657
Brayan Rocchio,CLE,SS,24,35,91,8,15,3,0,0,8,2,2,5,21,0,2,4,.165,.235,.198,.433
Edouard Julien,MIN,2B,26,29,91,8,18,5,0,2,8,0,2,11,29,0,1,1,.198,.288,.319,.607
Matt Wallner,MIN,OF,27,28,90,13,22,6,2,5,8,0,0,13,29,0,0,3,.244,.358,.522,.880
Adael Amador,COL,2B,22,33,89,3,13,4,0,1,5,1,1,10,25,2,0,1,.146,.240,.225,.465
Donovan Solano,SEA,2B,37,39,87,4,17,2,0,1,5,0,0,4,21,0,1,1,.195,.237,.253,.490
Tyler Wade,SD,3B,30,43,87,11,20,1,2,0,9,1,2,12,27,4,0,1,.230,.330,.287,.617
Will Benson,CIN,OF,26,28,86,14,21,4,0,6,16,1,1,8,26,0,2,1,.244,.309,.500,.809
Henry Davis,PIT,C,25,29,86,10,17,2,0,4,10,0,0,6,21,1,0,1,.198,.258,.360,.618
Alan Roden,TOR,OF,25,35,85,8,16,4,0,1,7,0,0,5,20,0,2,4,.188,.260,.271,.531
Matt Thaiss,CWS,C,30,35,85,11,18,4,0,1,8,1,1,23,21,0,1,1,.212,.382,.294,.676
Jason Heyward,SD,OF,35,34,85,9,15,2,0,2,12,0,1,6,20,0,3,0,.176,.223,.271,.494
Mark Canha,KC,1B,36,37,85,8,21,3,0,0,4,0,1,7,18,0,2,2,.247,.313,.282,.595
Jacob Stallings,COL,C,35,29,84,4,12,3,0,0,6,0,0,5,31,1,0,3,.143,.217,.179,.396
David Hamilton,BOS,2B,27,43,84,12,16,3,0,2,8,12,2,2,25,2,0,1,.190,.218,.298,.516
Tim Anderson,LAA,SS,31,31,83,8,17,3,0,0,3,1,1,3,29,1,0,3,.205,.258,.241,.499
Spencer Horwitz,PIT,1B,27,23,81,8,17,6,0,1,6,0,0,7,24,0,0,1,.210,.281,.321,.602
Graham Pauley,MIA,3B,24,28,81,6,17,6,0,0,5,0,0,6,21,1,1,0,.210,.261,.284,.545
Christian Encarnacion-Strand,CIN,1B,25,21,81,8,17,3,0,5,12,0,1,2,21,0,2,2,.210,.241,.432,.673
Brandon Lockridge,SD,OF,28,40,80,9,17,4,0,0,4,8,1,4,21,2,0,1,.213,.259,.263,.522
Tyler O'Neill,BAL,OF,29,24,80,9,15,3,1,2,10,2,0,9,27,0,2,2,.188,.280,.325,.605
Jeimer Candelario,CIN,1B,31,22,80,3,9,2,0,2,10,0,1,9,29,0,2,0,.113,.198,.213,.411
Leody Taveras,TEX,OF,26,30,79,7,19,3,1,1,8,6,1,2,23,1,0,0,.241,.259,.342,.601
Romy Gonzalez,BOS,2B,28,24,78,13,25,9,0,1,14,3,1,4,19,0,1,1,.321,.357,.474,.831
Jon Berti,CHC,3B,35,33,76,12,17,2,0,0,2,8,1,4,18,0,0,2,.224,.280,.250,.530
Mike Tauchman,CWS,OF,34,22,75,16,21,6,1,4,12,0,0,16,17,0,1,0,.280,.402,.547,.949
Nick Fortes,MIA,C,28,31,75,7,16,2,1,2,6,0,0,5,12,1,0,1,.213,.272,.347,.619
Dylan Carlson,BAL,OF,26,29,73,7,18,3,0,4,12,1,2,6,21,0,1,0,.247,.300,.452,.752
Derek Hill,MIA,OF,29,23,73,11,17,4,0,2,5,6,0,6,29,2,0,1,.233,.300,.370,.670
Jose Herrera,ARI,C,28,26,72,8,12,3,0,1,5,0,0,13,24,6,0,0,.167,.294,.250,.544
Max Schuemann,ATH,SS,28,48,72,10,17,1,2,1,4,3,1,13,14,0,1,1,.236,.356,.347,.703
Luis Matos,SF,OF,23,24,72,9,12,2,0,4,7,2,0,4,10,0,0,0,.167,.211,.361,.572
Sam Haggerty,TEX,OF,31,24,71,13,19,2,2,2,9,5,1,5,12,1,0,0,.268,.316,.437,.753
Emmanuel Rivera,BAL,3B,28,26,69,3,16,3,0,0,3,1,0,6,12,0,0,1,.232,.303,.275,.578
Cavan Biggio,KC,2B,30,37,69,9,12,2,0,1,4,1,0,11,21,2,0,1,.174,.296,.246,.542
Jonatan Clase,TOR,OF,23,21,69,7,15,3,0,1,6,3,0,7,21,1,0,0,.217,.289,.304,.593
Noelvi Marte,CIN,3B,23,19,68,10,20,4,1,3,17,4,1,5,12,0,0,0,.294,.342,.515,.857
Garrett Mitchell,MIL,OF,26,25,68,9,14,4,1,0,3,3,0,7,25,1,1,1,.206,.286,.294,.580
DJ LeMahieu,NYY,3B,36,23,68,8,19,2,0,2,9,0,0,10,15,0,0,0,.279,.372,.397,.769
Ronald Acuna,ATL,OF,27,18,68,13,24,2,0,6,11,0,0,10,22,0,0,0,.353,.436,.647,1.083
Luke Raley,SEA,1B,30,24,68,10,14,2,0,2,8,2,1,10,20,0,1,5,.206,.345,.324,.669
Lane Thomas,CLE,OF,29,20,67,4,11,1,0,1,6,2,0,5,25,0,2,1,.164,.227,.224,.451
Rob Refsnyder,BOS,OF,34,28,67,13,19,4,0,4,12,2,0,11,23,0,2,1,.284,.383,.522,.905
Jesse Winker,NYM,OF,31,24,67,8,16,5,2,1,10,1,0,9,20,0,2,0,.239,.321,.418,.739
Tyler Freeman,COL,OF,26,28,67,12,20,5,1,1,7,5,1,7,7,0,3,2,.299,.367,.448,.815
Robert Hassell,WSH,OF,23,18,66,5,15,1,0,1,7,1,0,0,20,0,0,0,.227,.227,.288,.515
Kevin Newman,LAA,SS,31,30,66,7,13,2,0,0,4,1,0,1,11,1,0,0,.197,.209,.227,.436
Sean Bouchard,COL,OF,29,32,66,7,11,0,1,1,7,1,1,7,27,0,0,0,.167,.247,.242,.489
Seth Brown,ATH,OF,32,38,65,6,12,2,0,1,3,1,0,9,23,0,0,2,.185,.303,.262,.565
Griffin Conine,MIA,OF,27,20,64,10,18,7,0,1,7,0,1,7,19,0,0,0,.281,.352,.438,.790
DaShawn Keirsey,MIN,OF,28,45,64,6,7,0,0,1,4,5,2,1,21,0,0,1,.109,.136,.156,.292
Christian Koss,SF,SS,27,29,64,6,14,0,0,1,8,1,0,4,21,3,0,1,.219,.275,.266,.541
Hyeseong Kim,LAD,2B,26,29,64,13,25,3,1,2,10,6,0,4,14,0,0,1,.391,.435,.563,.998
Ben Rortvedt,TB,C,27,26,63,2,6,1,0,0,6,0,0,7,14,0,0,0,.095,.186,.111,.297
Yohel Pozo,STL,C,27,22,62,7,18,3,0,2,6,0,0,1,3,0,1,0,.290,.297,.435,.732
Jacob Amaya,CWS,SS,26,34,62,6,6,1,0,0,7,2,0,2,15,1,3,0,.097,.119,.113,.232
Casey Schmitt,SF,2B,26,23,62,4,14,3,0,1,6,0,0,7,21,1,0,2,.226,.324,.323,.647
Jorge Mateo,BAL,2B,29,32,61,7,11,3,0,1,3,14,1,4,23,0,0,0,.180,.231,.279,.510
Leo Rivas,SEA,2B,27,30,60,14,17,1,0,0,4,4,0,12,15,0,0,1,.283,.411,.300,.711
Blake Dunn,CIN,OF,26,30,60,10,9,2,0,1,7,1,1,8,25,0,0,7,.150,.320,.233,.553
Jarred Kelenic,ATL,OF,25,23,60,7,10,2,0,2,2,0,1,5,23,0,0,0,.167,.231,.300,.531
Jonah Bride,MIN,1B,29,25,59,3,13,2,0,0,3,0,0,4,20,0,1,1,.220,.277,.254,.531
Will Wagner,TOR,2B,26,20,59,4,11,2,0,0,2,1,0,8,15,1,0,0,.186,.284,.220,.504
Oscar Gonzalez,SD,OF,27,21,59,2,13,1,0,0,4,0,1,2,13,0,0,0,.220,.246,.237,.483
Connor Wong,BOS,C,29,25,59,6,9,0,0,0,0,1,0,8,16,0,0,1,.153,.265,.153,.418
Tyler Heineman,TOR,C,33,23,59,14,24,5,0,2,10,2,0,2,10,1,1,0,.407,.419,.593,1.012
J.C. Escarra,NYY,C,30,26,59,3,14,5,0,1,6,1,0,8,9,0,1,1,.237,.333,.373,.706
Tim Elko,CWS,1B,26,18,58,6,9,1,0,4,8,1,0,5,24,0,0,0,.155,.222,.379,.601
Evan Carter,TEX,OF,22,19,58,12,17,2,0,4,10,5,1,6,10,0,0,1,.293,.369,.534,.903
Denzel Clarke,ATH,OF,25,18,55,7,11,1,0,1,3,3,0,1,31,0,0,1,.200,.228,.273,.501
Vinny Capra,MIL,3B,28,24,54,6,4,0,0,1,4,1,0,2,15,1,1,1,.074,.121,.130,.251
Paul DeJong,WSH,SS,31,16,54,3,11,4,0,0,2,2,0,2,24,0,0,1,.204,.246,.278,.524
Nick Maton,CWS,3B,28,25,54,5,9,2,0,2,4,0,1,9,19,0,0,0,.167,.286,.315,.601
Sam Huff,SF,C,27,20,53,5,11,1,0,2,4,0,0,4,25,0,1,0,.208,.259,.340,.599
Austin Hedges,CLE,C,32,23,53,5,6,0,0,3,3,1,0,7,21,1,0,0,.113,.217,.283,.500
Endy Rodriguez,PIT,C,25,18,52,5,9,4,0,0,2,0,1,5,14,0,0,0,.173,.246,.250,.496
Will Wilson,CLE,2B,26,24,51,2,9,3,0,0,1,1,0,5,23,2,0,1,.176,.263,.235,.498
Riley Adams,WSH,C,28,17,50,3,5,1,0,2,6,0,0,0,22,0,0,0,.100,.100,.240,.340
Nick Sogard,BOS,SS,27,14,49,8,12,3,0,0,2,0,0,2,9,0,0,2,.245,.302,.306,.608
Colton Cowser,BAL,OF,25,13,48,4,9,1,0,3,3,0,0,3,17,0,0,1,.188,.250,.396,.646
Ronny Simon,MIA,2B,25,19,47,6,11,2,0,0,5,0,0,7,7,1,1,0,.234,.327,.277,.604
MJ Melendez,KC,OF,26,16,47,4,4,1,0,1,1,0,0,3,20,0,0,2,.085,.173,.170,.343
Bryan De La Cruz,ATL,OF,28,16,47,1,9,1,0,0,0,1,0,3,18,0,0,0,.191,.240,.213,.453
Austin Slater,CWS,OF,32,23,47,6,10,4,0,2,4,0,0,4,20,1,0,0,.213,.275,.426,.701
Eric Haase,MIL,C,32,21,46,6,11,2,0,2,7,0,0,3,20,1,0,0,.239,.286,.413,.699
Thairo Estrada,COL,2B,29,11,46,4,12,5,0,0,7,0,1,0,7,0,1,1,.261,.271,.370,.641
Jorbit Vivas,NYY,2B,24,22,45,6,7,2,0,1,4,0,0,4,11,0,0,2,.156,.255,.267,.522
Jace Jung,DET,3B,24,18,45,8,5,0,0,0,3,0,0,7,15,0,0,1,.111,.245,.111,.356
Marcelo Mayer,BOS,SS,22,15,44,9,11,3,0,3,4,0,0,4,13,0,0,0,.250,.313,.523,.836
Victor Robles,SEA,OF,28,10,44,3,12,3,0,0,3,3,0,0,7,0,1,1,.273,.283,.341,.624
Kevin Pillar,TEX,OF,36,20,43,6,9,2,0,0,1,3,0,0,8,0,0,0,.209,.209,.256,.465
Nasim Nunez,WSH,SS,24,23,43,6,8,2,0,0,5,7,1,5,10,1,0,0,.186,.271,.233,.504
Chas McCormick,HOU,OF,30,36,43,6,11,2,0,0,2,1,3,5,14,4,0,1,.256,.347,.302,.649
Matthew Lugo,LAA,OF,24,17,42,6,10,2,1,3,6,0,0,0,16,0,0,1,.238,.256,.548,.804
Austin Barnes,LAD,C,35,13,42,4,9,3,0,0,2,0,0,1,14,1,0,0,.214,.233,.286,.519
Rafael Marchan,PHI,C,26,17,41,4,6,1,0,1,5,0,0,7,8,0,0,1,.146,.286,.244,.530
Jake McCarthy,ARI,OF,27,14,41,2,3,1,0,0,3,1,0,4,6,0,1,1,.073,.170,.098,.268
Thomas Saggese,STL,2B,23,14,41,4,14,4,0,1,7,0,0,2,11,0,1,0,.341,.364,.512,.876
Matt Gorski,PIT,OF,27,15,41,2,8,0,1,2,4,0,1,1,16,0,0,0,.195,.214,.390,.604
Wenceel Perez,DET,OF,25,14,41,8,13,4,0,3,5,0,0,1,9,0,1,2,.317,.356,.634,.990
Alan Trejo,COL,SS,29,14,40,3,7,2,0,0,1,0,0,1,7,1,1,0,.175,.190,.225,.415
Jonah Bride,MIA,1B,29,12,40,3,4,0,0,0,2,0,0,5,15,0,0,0,.100,.200,.100,.300
Daz Cameron,MIL,OF,28,19,40,7,8,1,0,1,3,1,0,1,13,0,0,0,.200,.220,.300,.520
Connor Joe,CIN,OF,32,17,40,1,10,3,0,0,3,1,2,2,7,0,1,0,.250,.279,.325,.604
Austin Wynns,CIN,C,34,18,40,6,16,3,0,3,11,0,0,3,12,0,0,0,.400,.442,.700,1.142
Jhonny Pereda,ATH,C,29,19,40,3,7,2,0,0,3,0,0,6,13,0,0,0,.175,.283,.225,.508
Kris Bryant,COL,DH,33,11,39,2,6,2,0,0,1,0,0,2,13,0,0,0,.154,.195,.205,.400
Jack Suwinski,PIT,OF,26,16,39,4,5,1,0,0,1,3,0,6,19,0,0,0,.128,.244,.154,.398
Ryan Kreidler,DET,SS,27,17,38,5,4,0,0,0,0,2,0,4,19,2,0,0,.105,.190,.105,.295
Jake Rogers,DET,C,30,14,38,4,5,0,1,0,1,0,0,5,10,0,0,0,.132,.233,.184,.417
Ezequiel Duran,TEX,3B,26,19,37,3,4,1,0,0,1,0,0,0,13,0,1,3,.108,.171,.135,.306
Maverick Handley,BAL,C,27,14,37,2,3,0,0,0,3,0,0,2,16,2,1,1,.081,.146,.081,.227
Jac Caglianone,KC,1B,22,9,37,0,8,2,0,0,2,0,0,0,8,0,0,0,.216,.216,.270,.486
Coby Mayo,BAL,3B,23,12,36,3,5,1,0,0,1,1,0,4,12,0,0,0,.139,.225,.167,.392
Cole Young,SEA,SS,21,10,36,2,8,1,0,0,3,0,0,1,11,0,0,0,.222,.243,.250,.493
Dalton Rushing,LAD,C,24,11,36,5,7,1,0,1,7,0,0,2,20,0,0,0,.194,.237,.306,.543
Oliver Dunn,MIL,2B,27,14,36,4,6,2,0,0,6,1,0,2,11,2,1,0,.167,.205,.222,.427
Yuli Gurriel,SD,1B,41,16,36,2,4,1,0,0,3,0,0,4,8,0,0,0,.111,.200,.139,.339
Jose Miranda,MIN,3B,26,12,36,2,6,0,0,1,5,0,0,0,13,0,0,0,.167,.167,.250,.417
Weston Wilson,PHI,OF,30,21,35,3,6,0,0,1,4,0,0,6,13,0,0,0,.171,.293,.257,.550
Chris Taylor,LAD,2B,34,28,35,4,7,2,0,0,2,0,1,0,13,0,0,0,.200,.200,.257,.457
Tomas Nido,DET,C,31,11,35,4,12,0,0,0,2,0,0,0,10,1,0,1,.343,.361,.343,.704
Ryan Bliss,SEA,2B,25,11,35,1,7,1,0,1,3,2,2,4,11,0,0,0,.200,.282,.314,.596
Dustin Harris,TEX,OF,25,16,35,4,7,2,0,1,1,1,1,3,11,0,0,0,.200,.263,.343,.606
Parker Meadows,DET,OF,25,10,35,5,6,1,1,1,3,2,0,5,10,0,0,0,.171,.275,.343,.618
Mickey Gasper,MIN,C,29,17,34,5,6,1,0,0,3,0,0,4,9,0,0,1,.176,.282,.206,.488
Zac Veen,COL,OF,23,12,34,1,4,1,0,1,2,1,1,2,14,0,0,1,.118,.189,.235,.424
Luken Baker,STL,DH,28,19,34,3,8,3,0,0,2,0,0,7,10,0,0,0,.235,.366,.324,.690
Stuart Fairchild,ATL,OF,29,21,33,7,6,1,1,0,2,2,1,3,9,0,0,0,.182,.250,.273,.523
Nick Loftin,KC,1B,26,12,33,5,10,3,1,1,3,1,1,3,5,0,1,0,.303,.351,.545,.896
Nick Gonzales,PIT,2B,26,9,33,4,8,0,2,1,3,0,1,2,9,0,1,0,.242,.278,.455,.733
Daylen Lile,WSH,OF,22,11,31,4,6,3,1,0,2,0,1,2,7,0,1,1,.194,.257,.355,.612
Pablo Reyes,NYY,SS,31,24,31,4,6,1,0,0,2,1,0,2,10,1,0,0,.194,.242,.226,.468
Orlando Arcia,ATL,SS,30,14,31,1,6,1,0,0,1,0,0,1,8,0,0,0,.194,.219,.226,.445
Travis Jankowski,TB,OF,33,14,31,6,8,2,0,0,2,2,0,2,9,0,1,0,.258,.294,.323,.617
Gary Sanchez,BAL,C,32,13,30,1,3,0,0,0,4,0,0,1,12,0,1,3,.100,.200,.100,.300
Orlando Arcia,COL,SS,30,9,30,1,6,0,0,1,4,0,0,3,6,0,0,0,.200,.273,.300,.573
Chris Taylor,LAA,2B,34,10,30,6,6,3,0,1,3,1,0,1,13,0,0,3,.200,.294,.400,.694
Garrett Hampson,ARI,SS,30,18,30,10,5,0,0,0,0,2,1,9,10,2,0,0,.167,.359,.167,.526
Davis Schneider,TOR,2B,26,15,29,6,5,0,0,1,2,0,0,8,12,0,0,1,.172,.368,.276,.644
Aaron Schunk,COL,3B,27,11,28,1,6,1,0,0,0,0,0,0,8,1,0,0,.214,.214,.250,.464
Willie MacIver,ATH,C,28,9,28,2,6,2,0,0,2,1,0,1,9,0,0,0,.214,.241,.286,.527
Hayden Senger,NYM,C,28,13,28,3,5,1,0,0,0,0,0,1,9,0,0,0,.179,.207,.214,.421
Korey Lee,CWS,C,26,14,28,7,7,3,0,0,1,0,0,2,5,1,0,0,.250,.300,.357,.657
Alejandro Osuna,TEX,OF,22,13,27,1,4,0,0,0,0,0,2,5,8,0,0,1,.148,.303,.148,.451
Jacob Melton,HOU,OF,24,10,27,2,5,0,0,0,3,3,0,2,12,0,0,0,.185,.241,.185,.426
Reese McGuire,CHC,C,30,7,26,5,7,1,0,2,4,0,0,0,5,1,0,0,.269,.269,.538,.807
Dominic Smith,SF,1B,29,8,25,3,8,1,0,1,7,1,0,2,6,0,2,0,.320,.345,.480,.825
Vidal Brujan,CHC,2B,27,20,25,3,5,2,0,0,2,1,1,0,6,0,0,0,.200,.200,.280,.480
Sam Hilliard,COL,OF,31,11,25,5,7,3,1,1,2,0,0,6,6,0,0,0,.280,.419,.600,1.019
Andruw Monasterio,MIL,2B,28,17,25,2,4,2,0,0,2,0,0,5,7,0,0,0,.160,.300,.240,.540
Ryan Ritter,COL,SS,24,6,24,1,6,0,2,0,4,0,0,0,9,0,0,1,.250,.280,.417,.697
Ronny Mauricio,NYM,2B,24,7,24,4,5,1,0,1,1,2,0,2,8,0,0,1,.208,.296,.375,.671
James Outman,LAD,OF,28,9,24,5,3,0,0,2,4,0,0,3,13,0,0,0,.125,.222,.375,.597
Heriberto Hernandez,MIA,OF,25,9,24,3,10,2,0,1,3,0,0,1,6,0,0,0,.417,.440,.625,1.065
Jonny DeLuca,TB,OF,26,9,23,4,10,0,1,0,1,4,0,2,4,0,0,0,.435,.480,.522,1.002
Jared Young,NYM,1B,29,11,23,3,4,1,0,2,3,0,0,2,7,0,0,1,.174,.269,.478,.747
Vinny Capra,CWS,3B,28,12,23,4,4,2,0,0,1,0,0,0,6,1,0,0,.174,.174,.261,.435
Michael Stefanic,TOR,2B,29,9,22,1,4,0,0,0,0,0,0,3,3,0,0,0,.182,.280,.182,.462
John Rave,KC,OF,27,13,22,1,5,2,0,0,0,1,1,2,9,1,0,0,.227,.292,.318,.610
David Fry,CLE,C,29,10,21,2,3,0,0,1,2,1,0,3,11,0,0,1,.143,.280,.286,.566
David Villar,SF,2B,28,9,20,4,4,1,0,0,1,0,0,4,5,0,0,1,.200,.360,.250,.610
Jose Barrero,STL,OF,27,16,20,4,3,1,0,1,3,0,0,0,7,0,0,1,.150,.190,.350,.540
Logan Davidson,ATH,1B,27,9,20,1,3,1,0,0,2,0,0,3,12,1,0,0,.150,.261,.200,.461
Jose Siri,NYM,OF,29,10,20,5,1,1,0,0,1,2,0,4,8,0,0,0,.050,.208,.100,.308
Manuel Margot,DET,OF,30,6,19,1,6,0,0,0,3,0,0,0,6,0,1,0,.316,.300,.316,.616
Rece Hinds,CIN,OF,24,7,19,2,3,1,0,2,3,0,0,1,10,0,0,0,.158,.200,.526,.726
Jordan Lawlar,ARI,SS,22,8,19,1,0,0,0,0,0,0,0,3,9,0,0,0,.000,.136,.000,.136
Luke Keaschall,MIN,2B,22,7,19,4,7,3,0,0,2,5,0,5,2,0,0,2,.368,.538,.526,1.064
Otto Kemp,PHI,3B,25,5,18,2,4,0,0,0,0,0,1,1,6,0,0,0,.222,.263,.222,.485
Jose Azocar,NYM,OF,29,12,18,5,5,0,0,0,1,1,0,2,1,0,0,0,.278,.350,.278,.628
Garrett Hampson,CIN,SS,30,6,18,0,3,1,0,0,0,0,0,1,6,0,0,0,.167,.211,.222,.433
Bobby Dalbec,CWS,1B,29,7,18,2,4,1,0,0,1,0,0,3,6,0,0,0,.222,.333,.278,.611
Nicky Lopez,CHC,2B,30,14,18,2,1,0,0,0,1,0,0,4,3,0,0,0,.056,.227,.056,.283
Akil Baddoo,DET,OF,26,7,17,0,2,1,0,0,1,1,0,1,5,0,0,0,.118,.167,.176,.343
Matt Thaiss,TB,C,30,6,17,0,4,0,0,0,1,0,0,4,11,1,0,1,.235,.409,.235,.644
CJ Alexander,ATH,3B,28,6,17,0,3,0,0,0,0,0,0,0,8,0,0,0,.176,.176,.176,.352
Jerar Encarnacion,SF,OF,27,6,17,0,1,0,0,0,0,1,0,0,4,0,0,0,.059,.059,.059,.118
Johnathan Rodriguez,CLE,OF,25,8,17,1,3,1,0,0,0,0,0,1,8,0,0,0,.176,.222,.235,.457
Keston Hiura,COL,1B,28,7,16,2,3,1,0,0,1,0,0,0,6,0,0,1,.188,.235,.250,.485
Blake Sabol,BOS,C,27,8,16,2,2,1,0,0,1,0,0,1,7,0,1,0,.125,.167,.188,.355
Michael Siani,STL,OF,25,18,16,4,4,0,0,0,0,0,0,1,6,0,0,0,.250,.294,.250,.544
Moises Ballesteros,CHC,C,21,5,16,3,3,0,0,0,3,0,0,2,1,0,0,0,.188,.278,.188,.466
Braxton Fulford,COL,C,26,6,16,2,2,0,0,1,2,0,0,0,8,0,0,0,.125,.125,.313,.438
Daniel Johnson,SF,OF,29,5,16,2,3,1,0,0,0,1,0,1,6,0,0,0,.188,.235,.250,.485
Scott Kingery,LAA,SS,31,6,16,2,2,1,0,0,0,0,0,1,6,0,0,0,.125,.176,.188,.364
Jurickson Profar,ATL,OF,32,4,15,2,3,0,0,0,0,0,0,1,3,0,0,0,.200,.250,.200,.450
Drew Avans,ATH,OF,29,7,15,1,2,0,0,0,0,1,0,0,5,0,0,0,.133,.133,.133,.266
Jorge Barrosa,ARI,OF,24,5,15,1,3,2,0,0,4,0,0,0,5,0,1,0,.200,.188,.333,.521
Tirso Ornelas,SD,OF,25,7,14,0,1,0,0,0,1,0,0,2,2,0,0,0,.071,.188,.071,.259
Gage Workman,CHC,SS,25,9,14,0,3,1,0,0,2,1,0,1,6,0,0,0,.214,.267,.286,.553
Luis Campusano,SD,C,26,8,14,0,0,0,0,0,0,0,0,6,6,0,0,0,.000,.300,.000,.300
Owen Miller,COL,2B,28,9,14,0,2,0,0,0,1,1,0,2,4,0,0,1,.143,.294,.143,.437
Travis Jankowski,CWS,OF,33,7,14,1,3,0,0,0,0,0,0,1,3,0,0,0,.214,.267,.214,.481
Luke Williams,ATL,SS,28,16,14,2,2,1,0,0,2,3,0,0,3,0,0,1,.143,.200,.214,.414
Tucker Barnhart,TEX,C,34,8,13,0,3,0,0,0,0,0,0,1,4,0,0,1,.231,.333,.231,.564
Ryan Vilade,STL,OF,26,7,13,1,1,0,0,0,0,0,0,2,5,0,0,0,.077,.200,.077,.277
Jacob Hurtubise,CIN,OF,27,12,12,3,1,0,0,0,0,0,0,1,6,0,0,2,.083,.267,.083,.350
Roman Anthony,BOS,OF,21,3,12,0,1,1,0,0,3,0,0,1,3,0,0,0,.083,.154,.167,.321
Kyle Teel,CWS,C,23,5,12,2,3,0,0,0,0,0,1,5,5,0,0,0,.250,.471,.250,.721
Blaine Crim,TEX,1B,27,5,11,1,0,0,0,0,0,0,0,1,6,0,0,1,.000,.154,.000,.154
Will Brennan,CLE,OF,27,6,11,0,1,0,0,0,0,0,1,1,1,0,0,1,.091,.231,.091,.322
Ji Hwan Bae,PIT,OF,25,7,11,3,1,0,0,0,0,2,0,1,5,0,0,0,.091,.167,.091,.258
Ildemaro Vargas,ARI,3B,33,5,11,1,1,0,0,0,1,0,0,0,4,0,0,0,.091,.091,.091,.182
Matt Vierling,DET,OF,28,4,11,0,2,0,0,0,2,0,0,0,1,0,0,0,.182,.182,.182,.364
Andrew Knizner,SF,C,30,4,11,1,0,0,0,0,0,0,0,1,0,0,0,0,.000,.083,.000,.083
Nick Solak,PIT,OF,30,4,11,0,1,0,0,0,0,0,0,0,2,0,0,0,.091,.091,.091,.182
Ali Sanchez,TOR,C,28,5,11,0,2,1,0,0,0,0,0,0,3,0,0,0,.182,.182,.273,.455
Coco Montes,TB,2B,28,5,10,0,2,0,0,0,1,0,0,0,3,0,0,0,.200,.200,.200,.400
Dominic Canzone,SEA,OF,27,5,10,1,2,1,0,1,2,1,0,2,4,0,0,0,.200,.333,.600,.933
Gustavo Campero,LAA,OF,27,5,10,1,2,0,0,0,0,1,0,2,2,0,0,0,.200,.333,.200,.533
Brett Wisely,SF,2B,26,5,10,1,0,0,0,0,2,0,1,0,3,2,0,0,.000,.000,.000,.000
Liover Peguero,PIT,SS,24,4,9,0,2,0,0,0,0,0,0,0,3,0,0,1,.222,.300,.222,.522
Connor Joe,SD,OF,32,7,9,0,0,0,0,0,0,0,0,1,6,0,0,0,.000,.100,.000,.100
Nick Ahmed,TEX,SS,35,5,9,1,0,0,0,0,0,1,0,1,3,0,0,0,.000,.100,.000,.100
J.D. Davis,LAA,3B,32,5,9,0,1,0,0,0,0,0,0,0,3,0,0,0,.111,.111,.111,.222
Luke Maile,KC,C,34,3,8,2,3,0,0,1,1,0,0,2,1,0,0,0,.375,.500,.750,1.250
Jahmai Jones,DET,DH,27,5,8,1,4,1,0,1,1,0,0,0,2,0,0,0,.500,.500,1.000,1.500
Cal Stevenson,PHI,OF,28,5,8,0,2,0,0,0,1,0,0,0,2,0,0,0,.250,.250,.250,.500
Samad Taylor,SEA,2B,26,4,8,1,1,0,0,0,0,0,0,0,1,1,0,0,.125,.125,.125,.250
Rhylan Thomas,SEA,OF,25,3,8,2,1,1,0,0,2,0,0,1,0,0,1,0,.125,.200,.250,.450
Tsung-Che Cheng,PIT,2B,23,3,7,0,0,0,0,0,0,0,1,0,3,0,0,0,.000,.000,.000,.000
Tyler Tolbert,KC,SS,27,14,7,3,1,0,0,0,0,6,0,0,2,0,0,0,.143,.143,.143,.286
Victor Mesa,MIA,OF,23,4,7,1,1,0,0,0,1,0,0,2,1,1,0,0,.143,.333,.143,.476
Omar Narvaez,CWS,C,33,4,7,1,2,0,0,0,3,0,0,2,1,0,1,0,.286,.400,.286,.686
Rob Brantly,MIA,C,35,3,7,0,3,0,0,0,1,0,0,0,1,0,0,0,.429,.429,.429,.858
Dom Nunez,CLE,C,30,2,7,2,2,0,0,0,0,0,0,0,4,0,0,0,.286,.286,.286,.572
Andres Chaparro,WSH,DH,26,2,6,0,1,1,0,0,0,0,0,0,2,0,0,0,.167,.167,.333,.500
Nicky Lopez,LAA,2B,30,5,6,0,0,0,0,0,0,0,0,0,1,0,0,0,.000,.000,.000,.000
Kody Clemens,PHI,3B,29,7,6,0,0,0,0,0,0,0,0,1,0,0,0,0,.000,.143,.000,.143
Tyler Callihan,CIN,2B,24,4,6,0,1,0,0,0,1,0,0,0,1,0,0,0,.167,.167,.167,.334
Dairon Blanco,KC,OF,32,9,6,2,1,1,0,0,1,3,2,0,2,2,0,0,.167,.167,.333,.500
Carson McCusker,MIN,OF,27,5,6,0,1,0,0,0,0,0,0,0,4,0,0,0,.167,.167,.167,.334
Jonathan Ornelas,TEX,SS,25,4,5,0,0,0,0,0,0,0,0,1,3,0,0,0,.000,.167,.000,.167
Mason McCoy,SD,SS,30,4,5,0,0,0,0,0,0,0,0,0,3,0,0,0,.000,.000,.000,.000
Shay Whitcomb,HOU,3B,26,3,5,0,0,0,0,0,0,0,0,0,2,0,0,0,.000,.000,.000,.000
Jack Winkler,MIA,3B,26,5,5,0,0,0,0,0,0,0,0,0,2,0,0,0,.000,.000,.000,.000
Logan Porter,SF,C,29,2,5,1,1,0,0,0,1,0,0,0,2,0,0,0,.200,.200,.200,.400
Chadwick Tromp,ATL,C,30,2,5,0,0,0,0,0,0,0,0,1,2,0,0,0,.000,.167,.000,.167
Chadwick Tromp,BAL,C,30,2,4,0,0,0,0,0,0,0,0,0,2,0,0,0,.000,.000,.000,.000
Brett Sullivan,PIT,C,31,2,4,1,1,0,0,0,2,0,0,1,2,0,1,1,.250,.429,.250,.679
Austin Wynns,ATH,C,34,3,4,0,0,0,0,0,0,0,0,1,3,0,0,0,.000,.200,.000,.200
Eddie Rosario,ATL,OF,33,3,4,1,0,0,0,0,0,0,0,0,2,0,0,0,.000,.000,.000,.000
Eddie Rosario,LAD,OF,33,2,4,0,1,0,0,0,0,0,0,0,0,0,0,0,.250,.250,.250,.500
Trey Lipscomb,WSH,3B,24,3,4,1,2,0,0,0,0,0,0,0,1,0,0,0,.500,.500,.500,1.000
Richie Palacios,TB,2B,28,1,4,1,3,1,0,0,0,1,0,0,0,0,0,0,.750,.750,1.000,1.750
Cesar Salazar,HOU,C,29,3,3,0,0,0,0,0,0,0,0,0,0,0,0,0,.000,.000,.000,.000
Ryan Fitzgerald,MIN,SS,30,2,3,1,0,0,0,0,0,0,0,0,0,0,0,0,.000,.000,.000,.000
Brewer Hicklen,DET,OF,29,1,3,2,2,0,0,0,0,1,0,1,1,0,0,0,.667,.750,.667,1.417
Gage Workman,CWS,SS,25,3,2,0,0,0,0,0,0,0,0,0,1,0,0,0,.000,.000,.000,.000
Greg Jones,CWS,OF,27,3,2,0,0,0,0,0,0,1,0,0,2,0,0,0,.000,.000,.000,.000
Hunter Feduccia,LAD,C,28,2,2,0,0,0,0,0,0,0,0,1,1,0,0,0,.000,.333,.000,.333
Jordyn Adams,BAL,OF,25,5,1,1,0,0,0,0,0,0,0,0,0,0,0,0,.000,.000,.000,.000
Cooper Hummel,BAL,OF,30,1,1,0,0,0,0,0,0,0,0,0,1,0,0,0,.000,.000,.000,.000
Niko Kavadas,LAA,DH,26,1,1,0,0,0,0,0,0,0,0,0,0,0,0,0,.000,.000,.000,.000