Player,Team,Age,G,GS,CG,SHO,IP,H,ER,K,BB,HR,W,L,SV,BS,HLD,ERA,WHIP
Zack Wheeler,PHI,34,32,32,3,2,213.1,169,66,247,46,16,14,10,0,0,0,2.78,1.01
Walker Buehler,LAD,30,33,33,0,0,207.2,149,57,212,52,19,16,4,0,0,0,2.47,0.97
Adam Wainwright,STL,43,32,32,3,1,206.1,168,70,174,50,21,17,7,0,0,0,3.05,1.06
Sandy Alcantara,MIA,29,33,33,1,0,205.2,171,73,201,50,21,9,15,0,0,0,3.19,1.07
Robbie Ray,TOR,33,32,32,0,0,193.1,150,61,248,52,33,13,7,0,0,0,2.84,1.04
Kevin Gausman,SF,34,33,33,0,0,192.0,150,60,227,50,20,14,6,0,0,0,2.81,1.04
Luis Castillo,CIN,32,33,33,0,0,187.2,181,83,192,75,19,8,16,0,0,0,3.98,1.36
Frankie Montas,OAK,32,32,32,0,0,187.0,164,70,207,57,20,13,9,0,0,0,3.37,1.18
Julio Urias,LAD,28,32,32,0,0,185.2,151,61,195,38,19,20,3,0,0,0,2.96,1.02
Charlie Morton,ATL,41,33,33,0,0,185.2,136,69,216,58,16,14,6,0,0,0,3.34,1.04
Nathan Eovaldi,BOS,35,32,32,0,0,182.1,182,76,195,35,15,11,9,0,0,0,3.75,1.19
Gerrit Cole,NYY,34,30,30,2,1,181.1,151,65,243,41,24,16,8,0,0,0,3.23,1.06
Joe Musgrove,SD,32,32,31,2,2,181.1,142,64,203,54,22,11,9,0,0,0,3.18,1.08
Kyle Hendricks,CHC,35,32,32,1,0,181.0,200,96,131,44,31,14,7,0,0,0,4.77,1.35
Aaron Nola,PHI,31,32,32,1,1,180.2,165,93,223,39,26,9,9,0,0,0,4.63,1.13
Tyler Mahle,CIN,30,33,33,0,0,180.0,158,75,210,64,24,13,6,0,0,0,3.75,1.23
German Marquez,COL,30,32,32,3,1,180.0,165,88,176,64,21,12,11,0,0,0,4.40,1.27
Jordan Lyles,TEX,34,32,30,0,0,180.0,194,103,146,56,38,10,13,0,0,0,5.15,1.39
Chris Flexen,SEA,30,31,31,0,0,179.2,185,72,125,40,19,14,6,0,0,0,3.61,1.25
Brandon Woodruff,MIL,32,30,30,0,0,179.1,130,51,211,43,18,9,10,0,0,0,2.56,0.96
Sean Manaea,OAK,33,32,32,2,2,179.1,179,78,194,41,25,11,10,0,0,0,3.91,1.23
Marcus Stroman,NYM,34,33,33,0,0,179.0,161,60,158,44,17,10,13,0,0,0,3.02,1.15
Lucas Giolito,CWS,30,31,31,1,0,178.2,145,70,201,52,27,11,9,0,0,0,3.53,1.10
Cole Irvin,OAK,31,32,32,0,0,178.1,195,84,125,42,23,10,15,0,0,0,4.24,1.33
Patrick Corbin,WAS,35,31,31,0,0,171.2,192,111,143,60,37,9,16,0,0,0,5.82,1.47
Zack Greinke,HOU,41,30,29,1,0,171.0,164,79,120,36,30,11,6,0,0,1,4.16,1.17
Hyun Jin Ryu,TOR,38,31,31,1,1,169.0,170,82,143,37,24,14,10,0,0,0,4.37,1.22
Anthony DeSclafani,SF,35,31,31,2,2,167.2,141,59,152,42,19,13,7,0,0,0,3.17,1.09
Corbin Burnes,MIL,30,28,28,0,0,167.0,123,45,234,34,7,11,5,0,0,0,2.43,0.94
Yu Darvish,SD,38,30,30,0,0,166.1,138,78,199,44,28,8,11,0,0,0,4.22,1.09
Max Fried,ATL,31,28,28,2,2,165.2,139,56,158,41,15,14,7,0,0,0,3.04,1.09
Dylan Cease,CWS,29,32,32,1,1,165.2,139,72,226,68,20,13,7,0,0,0,3.91,1.25
Wade Miley,CIN,38,28,28,1,1,163.0,166,61,125,50,17,12,7,0,0,0,3.37,1.33
Lance McCullers,HOU,31,28,28,0,0,162.1,122,57,185,76,13,13,5,0,0,0,3.16,1.22
Dallas Keuchel,CWS,37,32,30,0,0,162.0,189,95,95,59,25,9,9,0,0,0,5.28,1.53
Taijuan Walker,NYM,32,30,29,0,0,159.0,133,79,146,55,26,7,11,0,0,0,4.47,1.18
Mike Minor,KC,37,28,28,0,0,158.2,156,89,149,41,26,8,12,0,0,0,5.05,1.24
Merrill Kelly,ARI,36,27,27,0,0,158.0,163,78,130,41,21,7,11,0,0,0,4.44,1.29
Eduardo Rodriguez,BOS,32,32,31,0,0,157.2,172,83,185,47,19,13,8,0,0,0,4.74,1.39
Jordan Montgomery,NYY,32,30,30,0,0,157.1,150,67,162,51,19,6,7,0,0,0,3.83,1.28
Chris Bassitt,OAK,36,27,27,1,1,157.1,127,55,159,39,15,12,4,0,0,0,3.15,1.06
Yusei Kikuchi,SEA,33,29,29,0,0,157.0,145,77,163,62,27,7,9,0,0,0,4.41,1.32
Lance Lynn,CWS,38,28,28,1,1,157.0,123,47,176,45,18,11,6,0,0,0,2.69,1.07
Antonio Senzatela,COL,30,28,28,0,0,156.2,178,77,105,32,12,4,10,0,0,0,4.42,1.34
Luis Garcia,HOU,28,30,28,0,0,155.1,133,60,167,50,19,11,8,0,0,0,3.48,1.18
Nick Pivetta,BOS,32,31,30,0,0,155.0,137,78,175,65,24,9,8,1,0,0,4.53,1.30
Ryan Yarbrough,TB,33,30,21,1,0,155.0,163,88,117,27,25,9,7,0,0,0,5.11,1.23
Steven Matz,TOR,33,29,29,0,0,150.2,158,64,144,43,18,14,7,0,0,0,3.82,1.33
Casey Mize,DET,28,30,30,1,0,150.1,130,62,118,41,24,7,9,0,0,0,3.71,1.14
Cal Quantrill,CLE,30,40,22,0,0,149.2,129,48,121,47,16,8,3,0,0,1,2.89,1.18
Tarik Skubal,DET,28,31,29,0,0,149.1,141,72,164,47,35,8,12,0,0,0,4.34,1.26
Jon Gray,COL,33,29,29,0,0,149.0,140,76,157,58,21,8,12,0,0,0,4.59,1.33
Logan Webb,SF,28,27,26,0,0,148.1,128,50,158,36,9,11,3,0,0,1,3.03,1.11
Zach Davies,CHC,32,32,32,0,0,148.0,162,95,114,75,25,6,12,0,0,0,5.78,1.60
John Means,BAL,32,26,26,1,1,146.2,125,59,134,26,30,6,9,0,0,0,3.62,1.03
Madison Bumgarner,ARI,35,26,26,1,1,146.1,134,76,124,39,24,7,10,0,0,0,4.67,1.18
Freddy Peralta,MIL,28,28,27,1,0,144.1,84,45,195,56,14,10,5,0,0,0,2.81,0.97
Jameson Taillon,NYY,33,29,29,0,0,144.1,130,69,140,44,24,8,6,0,0,0,4.30,1.21
Marco Gonzales,SEA,33,25,25,1,0,143.1,125,63,108,42,29,10,6,0,0,0,3.96,1.17
Zach Plesac,CLE,30,25,25,0,0,142.2,137,74,100,34,23,10,6,0,0,0,4.67,1.20
Adrian Houser,MIL,32,28,26,1,1,142.1,118,51,105,64,12,10,6,0,0,0,3.22,1.28
Mike Foltynewicz,TEX,33,28,24,0,0,139.0,139,84,97,36,35,2,12,0,0,0,5.44,1.26
Alex Wood,SF,34,26,26,0,0,138.2,125,59,152,39,14,10,4,0,0,0,3.83,1.18
Garrett Richards,BOS,36,40,22,0,0,136.2,158,74,115,60,19,7,8,3,0,2,4.87,1.60
Sonny Gray,CIN,35,26,26,0,0,135.1,115,63,155,50,19,7,9,0,0,0,4.19,1.22
Framber Valdez,HOU,31,22,22,1,0,134.2,110,47,125,58,12,11,6,0,0,0,3.14,1.25
Brad Keller,KC,29,26,26,0,0,133.2,158,80,120,64,18,8,12,0,0,0,5.39,1.66
Erick Fedde,WAS,32,29,27,0,0,133.1,144,81,128,48,23,7,9,0,1,0,5.47,1.44
Trevor Rogers,MIA,27,25,25,0,0,133.0,107,39,157,46,6,7,8,0,0,0,2.64,1.15
Carlos Rodon,CWS,32,24,24,1,1,132.2,91,35,185,36,13,13,5,0,0,0,2.37,0.96
Shohei Ohtani,LAA,30,158,23,0,0,130.1,98,46,156,44,15,9,2,0,0,0,3.18,1.09
Kris Bubic,KC,27,29,20,0,0,130.0,121,64,114,59,22,6,7,0,0,0,4.43,1.38
Blake Snell,SD,32,27,27,0,0,128.2,101,60,170,69,16,7,6,0,0,0,4.20,1.32
Brady Singer,KC,28,27,27,1,0,128.1,146,70,131,53,14,5,10,0,0,0,4.91,1.55
Ian Anderson,ATL,27,24,24,0,0,128.1,105,51,124,53,16,9,5,0,0,0,3.58,1.23
Matt Harvey,BAL,36,28,28,0,0,127.2,160,89,95,37,19,6,14,0,0,0,6.27,1.54
Drew Smyly,ATL,35,29,23,0,0,126.2,133,63,117,41,27,11,4,0,0,0,4.48,1.37
Adbert Alzolay,CHC,30,29,21,0,0,125.2,112,64,128,34,25,5,13,1,0,0,4.58,1.16
Michael Wacha,TB,33,29,23,0,0,124.2,132,70,121,31,23,3,5,0,0,1,5.05,1.31
Kolby Allard,TEX,27,32,17,0,0,124.2,128,75,104,31,29,3,12,0,0,1,5.41,1.28
Aaron Civale,CLE,29,21,21,0,0,124.1,108,53,99,31,23,12,5,0,0,0,3.84,1.12
JT Brubaker,PIT,31,24,24,0,0,124.1,123,74,129,38,28,5,13,0,0,0,5.36,1.29
Shane McClanahan,TB,28,25,25,0,0,123.1,120,47,141,37,14,10,6,0,0,0,3.43,1.27
Clayton Kershaw,LAD,37,22,22,0,0,121.2,103,48,144,21,15,10,8,0,0,0,3.55,1.02
Jose Berrios,MIN,30,20,20,1,0,121.2,95,47,126,32,14,7,5,0,0,0,3.48,1.04
Jorge Lopez,BAL,32,33,25,0,0,121.2,142,82,112,56,21,3,14,0,1,2,6.07,1.63
Zac Gallen,ARI,29,23,23,1,1,121.1,108,58,139,49,19,4,10,0,0,0,4.30,1.29
Kyle Freeland,COL,32,23,23,0,0,120.2,133,58,105,38,20,7,8,0,0,0,4.33,1.42
Triston McKenzie,CLE,27,25,24,0,0,120.0,84,66,136,58,21,5,9,0,0,0,4.95,1.18
James Kaprielian,OAK,31,24,21,0,0,119.1,105,54,123,41,19,8,5,0,0,0,4.07,1.22
Logan Gilbert,SEA,28,24,24,0,0,119.1,112,62,128,28,17,6,5,0,0,0,4.68,1.17
Alec Mills,CHC,33,32,20,0,0,119.0,137,67,87,34,16,6,7,1,0,0,5.07,1.44
Eric Lauer,MIL,29,24,20,0,0,118.2,94,42,117,41,16,7,5,0,0,0,3.19,1.14
Dane Dunning,TEX,30,27,25,0,0,117.2,126,59,114,43,13,5,10,0,0,0,4.51,1.44
Wil Crowe,PIT,30,26,25,0,0,116.2,126,71,111,57,25,4,8,0,0,0,5.48,1.57
Austin Gomber,COL,31,23,23,0,0,115.1,102,58,113,41,20,9,9,0,0,0,4.53,1.24
Johnny Cueto,SF,39,22,21,0,0,114.2,127,52,98,30,15,7,7,0,0,0,4.08,1.37
Vladimir Gutierrez,CIN,29,22,22,0,0,114.0,115,60,88,46,20,9,6,0,0,0,4.74,1.41
Martin Perez,BOS,34,36,22,0,0,114.0,136,60,97,36,19,7,8,0,0,1,4.74,1.51
Caleb Smith,ARI,33,45,13,0,0,113.2,93,61,124,63,20,4,9,0,2,2,4.83,1.37
Kyle Gibson,TEX,37,19,19,0,0,113.0,92,36,94,41,9,6,3,0,0,0,2.87,1.18
Alek Manoah,TOR,27,20,20,0,0,111.2,77,40,127,40,12,9,2,0,0,0,3.22,1.05
Max Scherzer,WAS,40,19,19,1,0,111.0,71,34,147,28,18,8,4,0,0,0,2.76,0.89
Paolo Espino,WAS,38,35,19,0,0,109.2,108,52,92,25,19,5,5,1,0,0,4.27,1.21
Michael Pineda,MIN,36,22,21,0,0,109.1,114,44,88,21,17,9,8,0,0,0,3.62,1.23
Chris Paddack,SD,29,23,22,0,0,108.1,115,61,99,22,15,7,7,0,0,0,5.07,1.26
Joe Ross,WAS,31,20,19,0,0,108.0,98,50,109,34,17,5,9,0,0,0,4.17,1.22
Trevor Bauer,LAD,34,17,17,1,0,107.2,71,31,137,37,19,8,5,0,0,0,2.59,1.00
Jose Urquidy,HOU,30,20,20,0,0,107.0,87,43,90,19,17,8,3,0,0,0,3.62,0.99
Kwang Hyun Kim,STL,36,27,21,0,0,106.2,98,41,80,39,12,7,7,1,0,0,3.46,1.28
Tyler Alexander,DET,30,41,15,0,0,106.1,106,45,87,28,16,2,4,0,0,3,3.81,1.26
Kenta Maeda,MIN,37,21,21,0,0,106.1,106,55,113,32,16,6,5,0,0,0,4.66,1.30
Ranger Suarez,PHI,29,39,12,1,1,106.0,73,16,107,33,4,8,5,4,3,0,1.36,1.00
Zach Eflin,PHI,31,18,18,0,0,105.2,116,49,99,16,15,4,7,0,0,0,4.17,1.25
Jake Odorizzi,HOU,35,24,23,0,0,104.2,97,49,91,34,16,6,7,0,0,0,4.21,1.25
Taylor Hearn,TEX,30,42,11,0,0,104.1,96,54,92,42,17,6,6,0,1,1,4.66,1.32
Josh Fleming,TB,28,26,11,0,0,104.1,110,59,65,31,11,10,8,1,0,3,5.09,1.35
Tyler Anderson,PIT,35,18,18,0,0,103.1,99,50,86,25,16,5,8,0,0,0,4.35,1.20
Pablo Lopez,MIA,29,20,20,0,0,102.2,89,35,115,26,11,5,5,0,0,0,3.07,1.12
Chi Chi Gonzalez,COL,33,24,18,0,0,101.2,127,73,56,28,18,3,7,0,0,0,6.46,1.52
Ross Stripling,TOR,35,24,19,0,0,101.1,99,54,94,30,23,5,7,0,0,0,4.80,1.27
Cristian Javier,HOU,28,36,9,0,0,101.1,67,40,130,53,16,4,1,2,2,5,3.55,1.18
Mitch Keller,PIT,29,23,23,0,0,100.2,131,69,92,49,10,5,11,0,0,0,6.17,1.79
Jose Urena,DET,33,26,18,0,0,100.2,119,65,67,42,14,4,8,0,0,1,5.81,1.60
Domingo German,NYY,32,22,18,0,0,98.1,89,50,98,27,17,4,5,0,0,1,4.58,1.18
Jose Suarez,LAA,27,23,14,1,0,98.1,85,41,85,36,11,8,8,0,0,0,3.75,1.23
J.A. Happ,MIN,42,19,19,0,0,98.1,125,74,77,31,21,5,6,0,0,0,6.77,1.59
Shane Bieber,CLE,29,16,16,0,0,96.2,84,34,134,33,11,7,4,0,0,0,3.17,1.21
Brett Anderson,MIL,37,24,24,0,0,96.0,102,45,58,28,11,4,9,0,0,0,4.22,1.35
Rich Hill,TB,45,19,19,0,0,95.1,75,41,91,36,14,6,4,0,0,0,3.87,1.16
Keegan Akin,BAL,30,24,17,0,0,95.0,110,70,82,40,17,2,10,0,0,0,6.63,1.58
Ryan Weathers,SD,25,30,18,0,0,94.2,101,56,72,30,20,4,7,1,0,0,5.32,1.38
Andrew Heaney,LAA,33,18,18,0,0,94.0,92,55,113,31,16,6,7,0,0,0,5.27,1.31
Wily Peralta,DET,36,19,18,0,0,93.2,87,32,58,38,12,4,5,0,0,1,3.07,1.33
Alex Cobb,LAA,37,18,18,0,0,93.1,85,39,98,33,5,8,3,0,0,0,3.76,1.26
Nestor Cortes,NYY,30,22,14,0,0,93.0,75,30,103,25,14,2,3,0,0,0,2.90,1.08
Bailey Ober,MIN,29,20,20,0,0,92.1,92,43,96,19,20,3,3,0,0,0,4.19,1.20
Jacob deGrom,NYM,36,15,15,1,1,92.0,40,11,146,11,6,7,2,0,0,0,1.08,0.55
Huascar Ynoa,ATL,26,18,17,0,0,91.0,76,41,100,25,14,4,6,0,0,0,4.05,1.11
Dylan Bundy,LAA,32,23,19,0,0,90.2,89,61,84,34,20,2,9,0,0,0,6.06,1.36
Tylor Megill,NYM,29,18,18,1,0,89.2,88,45,99,27,19,4,6,0,0,0,4.52,1.28
Eli Morgan,CLE,29,18,18,0,0,89.1,90,53,81,22,20,5,7,0,0,0,5.34,1.25
Craig Stammen,SD,41,67,4,0,0,88.1,79,30,83,13,13,6,3,1,1,7,3.06,1.04
Tyler Glasnow,TB,31,14,14,0,0,88.0,55,26,123,27,10,5,2,0,0,0,2.66,0.93
Patrick Sandoval,LAA,28,17,14,0,0,87.0,69,35,94,36,11,3,6,1,0,0,3.62,1.21
Matt Peacock,ARI,31,35,8,0,0,86.1,107,47,50,28,13,5,7,0,0,0,4.90,1.56
Jake Arrieta,CHC,39,20,20,0,0,86.1,113,66,74,39,21,5,11,0,0,0,6.88,1.76
Carlos Hernandez,KC,28,24,11,0,0,85.2,69,35,74,41,7,6,2,0,0,0,3.68,1.28
Matt Manning,DET,27,18,18,0,0,85.1,96,55,57,33,10,4,7,0,0,0,5.80,1.51
Chad Green,NYY,33,67,0,0,0,83.2,57,29,99,17,14,10,7,6,6,19,3.12,0.88
Carlos Martinez,STL,33,16,16,0,0,82.1,77,57,57,36,8,4,9,0,0,0,6.23,1.37
Griffin Jax,MIN,30,18,14,0,0,82.0,82,58,65,29,23,4,5,0,0,0,6.37,1.35
Vince Velasquez,PHI,32,21,17,0,0,81.2,76,54,85,45,17,3,6,0,0,0,5.95,1.48
Nabil Crismatt,SD,30,45,0,0,0,81.1,87,34,71,24,10,3,1,0,0,1,3.76,1.36
Tyler Rogers,SF,34,80,0,0,0,81.0,74,20,55,13,5,7,1,13,6,30,2.22,1.07
Chad Kuhl,PIT,32,28,14,0,0,80.1,73,43,75,42,13,5,7,0,2,4,4.82,1.43
Giovanny Gallegos,STL,33,73,0,0,0,80.1,51,27,95,20,6,6,5,14,8,24,3.02,0.88
Justus Sheffield,SEA,29,21,15,0,0,80.1,105,61,63,43,14,7,8,0,0,0,6.83,1.84
Corey Kluber,NYY,39,16,16,1,1,80.0,74,34,82,33,8,5,3,0,0,0,3.83,1.34
Chris Stratton,PIT,34,68,0,0,0,79.1,70,32,86,33,9,7,1,8,5,8,3.63,1.30
Matthew Boyd,DET,34,15,15,0,0,78.2,77,34,67,23,9,3,8,0,0,0,3.89,1.27
Jack Flaherty,STL,29,17,15,0,0,78.1,57,28,85,26,12,9,2,0,0,0,3.22,1.06
Yusmeiro Petit,OAK,40,78,0,0,0,78.0,69,34,37,12,12,8,3,2,6,22,3.92,1.04
Luis Patino,TB,25,19,15,0,0,77.1,69,37,74,29,12,5,3,0,0,0,4.31,1.27
Bryan Shaw,CLE,37,81,0,0,0,77.1,69,30,71,38,10,6,7,2,6,20,3.49,1.38
John Gant,STL,32,25,14,0,0,76.1,64,29,56,56,6,4,6,0,0,1,3.42,1.57
Jon Lester,WAS,41,16,16,0,0,75.1,91,42,51,29,14,3,5,0,0,0,5.02,1.59
Zach Thompson,MIA,31,26,14,0,0,75.0,63,27,66,28,6,3,7,0,0,0,3.24,1.21
Mike Mayers,LAA,33,72,2,0,0,75.0,71,32,90,26,11,5,5,2,3,17,3.84,1.29
Hector Neris,PHI,35,74,0,0,0,74.1,55,30,98,32,12,4,7,12,7,11,3.63,1.17
Scott Barlow,KC,32,71,0,0,0,74.1,61,20,91,28,4,5,3,16,6,14,2.42,1.20
Lou Trivino,OAK,33,71,0,0,0,73.2,58,26,67,34,5,7,8,22,4,8,3.18,1.25
David Price,LAD,39,39,11,0,0,73.2,79,33,58,26,8,5,2,1,0,1,4.03,1.43
Garrett Whitlock,BOS,28,46,0,0,0,73.1,64,16,81,17,6,8,4,2,3,15,1.96,1.10
Brent Suter,MIL,35,61,1,0,0,73.1,72,25,69,24,9,12,5,1,8,8,3.07,1.31
Jeff Hoffman,CIN,32,31,11,0,0,73.0,70,37,79,45,12,3,5,0,0,2,4.56,1.58
Matt Moore,PHI,35,24,13,0,0,73.0,78,51,63,38,15,2,4,0,0,1,6.29,1.59
Duane Underwood,PIT,30,43,0,0,0,72.2,77,35,65,27,9,2,3,0,0,2,4.33,1.43
Lucas Luetge,NYY,38,57,1,0,0,72.1,67,22,78,15,6,4,2,1,2,3,2.74,1.13
Blake Treinen,LAD,36,72,0,0,0,72.1,46,16,85,25,5,6,5,7,4,32,1.99,0.98
Alex Reyes,STL,30,69,0,0,0,72.1,46,26,95,52,9,10,8,29,5,3,3.24,1.35
Andrew Kittredge,TB,35,57,4,0,0,71.2,55,15,77,15,7,9,3,8,1,7,1.88,0.98
Liam Hendriks,CWS,36,69,0,0,0,71.0,45,20,113,7,11,8,3,38,6,0,2.54,0.73
Jonathan Loaisiga,NYY,30,57,0,0,0,70.2,56,17,69,16,3,9,4,5,4,17,2.17,1.02
Tyler Kinley,COL,34,70,0,0,0,70.1,59,37,68,26,12,3,2,0,4,10,4.73,1.21
Taylor Widener,ARI,30,23,13,0,0,70.1,65,34,73,37,14,2,1,0,0,1,4.35,1.45
Jose Berrios,TOR,30,12,12,0,0,70.1,64,28,78,13,8,5,4,0,0,0,3.58,1.09
Miguel Castro,NYM,30,69,2,0,0,70.1,48,27,77,43,7,3,4,0,2,9,3.45,1.29
Raisel Iglesias,LAA,35,65,0,0,0,70.0,53,20,103,12,11,7,5,34,5,0,2.57,0.93
Genesis Cabrera,STL,28,71,0,0,0,70.0,52,29,77,36,3,4,5,0,3,28,3.73,1.26
Emmanuel Clase,CLE,27,71,0,0,0,69.2,51,10,74,16,2,4,5,24,5,6,1.29,0.96
Michael Fulmer,DET,32,52,4,0,0,69.2,69,23,73,20,7,5,6,14,4,9,2.97,1.28
Michael Kopech,CWS,29,44,4,0,0,69.1,54,27,103,24,9,4,3,0,1,14,3.50,1.13
Kyle Gibson,PHI,37,12,11,0,0,69.0,66,39,61,23,8,4,6,0,0,0,5.09,1.29
Tanner Houck,BOS,28,18,13,0,0,69.0,57,27,87,21,4,1,5,1,0,1,3.52,1.13
Kenley Jansen,LAD,37,69,0,0,0,69.0,36,17,86,36,4,4,4,38,5,0,2.22,1.04
Jarlin Garcia,SF,32,58,0,0,0,68.2,48,20,68,18,9,6,3,1,2,11,2.62,0.96
Sam Hentges,CLE,28,30,12,0,0,68.2,90,51,68,32,10,1,4,0,0,0,6.68,1.78
Kyle Funkhouser,DET,31,57,2,0,0,68.1,58,26,63,38,6,7,4,1,4,10,3.42,1.40
Ryne Stanek,HOU,33,72,0,0,0,68.1,46,26,83,37,8,3,5,2,2,21,3.42,1.21
Steve Cishek,LAA,38,74,0,0,0,68.1,61,26,64,41,2,0,2,0,4,21,3.42,1.49
Max Scherzer,LAD,40,11,11,0,0,68.1,48,15,89,8,5,7,0,0,0,0,1.98,0.82
Daniel Lynch,KC,28,15,15,0,0,68.0,80,43,55,31,9,4,6,0,0,0,5.69,1.63
Will Smith,ATL,35,71,0,0,0,68.0,49,26,87,28,11,3,7,37,6,0,3.44,1.13
Jake Woodford,STL,28,26,8,0,0,67.2,66,30,50,25,7,3,4,0,0,0,3.99,1.34
Dillon Tate,BAL,31,62,0,0,0,67.2,61,33,49,23,7,0,6,3,2,7,4.39,1.24
Drew Steckenrider,SEA,34,62,0,0,0,67.2,52,15,58,17,5,5,2,14,3,7,2.00,1.02
Riley Smith,ARI,30,24,6,0,0,67.1,86,45,36,15,10,1,4,1,0,0,6.01,1.50
David Peterson,NYM,29,15,15,0,0,66.2,64,41,69,29,11,2,6,0,0,0,5.54,1.40
Kyle Finnegan,WAS,33,68,0,0,0,66.0,64,26,68,34,9,5,9,11,3,13,3.55,1.48
Jon Lester,STL,41,12,12,0,0,66.0,68,32,40,26,11,4,1,0,0,0,4.36,1.42
Daniel Bard,COL,39,67,0,0,0,65.2,69,38,80,36,8,7,8,20,8,4,5.21,1.60
Josh Staumont,KC,31,64,0,0,0,65.2,43,21,72,27,6,4,3,5,0,16,2.88,1.07
Luke Weaver,ARI,31,13,13,0,0,65.2,58,31,62,20,11,3,6,0,0,0,4.25,1.19
Deolis Guerra,OAK,36,53,0,0,0,65.2,53,30,62,20,8,4,1,0,0,3,4.11,1.11
Junior Guerra,LAA,40,41,1,0,0,65.1,67,44,61,46,6,5,2,0,2,3,6.06,1.73
Ervin Santana,KC,42,38,2,0,0,65.1,65,34,52,22,9,2,2,0,0,1,4.68,1.33
Alex Colome,MIN,36,67,0,0,0,65.0,68,30,58,23,8,4,4,17,7,5,4.15,1.40
Jose Ruiz,CWS,30,59,0,0,0,65.0,51,22,63,25,8,1,3,0,1,4,3.05,1.17
Jose Alvarez,SF,36,67,1,0,0,64.2,53,17,42,19,2,5,2,0,0,8,2.37,1.11
Brad Boxberger,MIL,36,71,0,0,0,64.2,44,24,83,25,8,5,4,4,5,23,3.34,1.07
Paul Sewald,SEA,34,62,0,0,0,64.2,42,22,104,24,10,10,3,11,5,16,3.06,1.02
Mark Melancon,SD,40,64,0,0,0,64.2,54,16,59,25,4,4,3,39,6,0,2.23,1.22
Jhoulys Chacin,COL,37,46,1,0,0,64.1,53,31,47,28,8,3,2,0,2,17,4.34,1.26
Bruce Zimmermann,BAL,30,14,13,0,0,64.1,75,36,56,22,14,4,5,0,0,0,5.04,1.51
Jake Brentz,KC,30,72,0,0,0,64.0,45,26,76,37,7,5,2,2,5,15,3.66,1.28
Dylan Floro,MIA,34,68,0,0,0,64.0,53,20,62,25,2,6,6,15,6,11,2.81,1.22
Collin McHugh,TB,37,37,7,0,0,64.0,48,11,74,12,3,6,1,1,2,7,1.55,0.94
Caleb Thielbar,MIN,38,59,0,0,0,64.0,55,23,77,20,8,7,0,0,0,13,3.23,1.17
Ryan Pressly,HOU,36,64,0,0,0,64.0,49,16,81,13,4,5,3,26,2,1,2.25,0.97
Tyler Anderson,SEA,35,13,13,0,0,63.2,71,34,48,13,11,2,3,0,0,0,4.81,1.32
Luke Jackson,ATL,33,71,0,0,0,63.2,45,14,70,29,6,2,2,0,4,31,1.98,1.16
Gregory Soto,DET,30,62,0,0,0,63.2,46,24,76,40,7,6,3,18,1,7,3.39,1.35
Trevor Stephan,CLE,29,43,0,0,0,63.1,58,31,75,31,15,3,1,1,0,3,4.41,1.41
Emilio Pagan,SD,34,67,0,0,0,63.1,56,34,69,18,16,4,3,0,5,19,4.83,1.17
Michael King,NYY,29,22,6,0,0,63.1,57,25,62,24,6,2,4,0,0,2,3.55,1.28
Cole Sulser,BAL,35,60,0,0,0,63.1,48,19,73,23,5,5,4,8,3,6,2.70,1.12
Rich Hill,NYM,45,13,12,0,0,63.1,62,27,59,19,7,1,4,0,0,0,3.84,1.28
Jordan Romano,TOR,32,62,0,0,0,63.0,41,15,85,25,7,7,1,23,1,5,2.14,1.05
Tyler Matzek,ATL,34,69,0,0,0,63.0,40,18,77,37,3,0,4,0,0,24,2.57,1.22
Trevor May,NYM,35,68,0,0,0,62.2,55,25,83,24,10,7,3,4,3,16,3.59,1.26
Edwin Diaz,NYM,31,63,0,0,0,62.2,43,24,89,23,3,5,6,32,6,0,3.45,1.05
Josiah Gray,WAS,27,12,12,0,0,62.2,56,37,63,28,15,2,2,0,0,0,5.31,1.34
Griffin Canning,LAA,29,14,13,0,0,62.2,65,39,62,28,14,5,4,0,0,0,5.60,1.48
Johan Oviedo,STL,27,14,13,0,0,62.1,61,34,51,37,8,0,5,0,0,0,4.91,1.57
Tyler Duffey,MIN,34,64,0,0,0,62.1,48,22,61,28,4,3,3,3,2,22,3.18,1.22
Nick Wittgren,CLE,33,60,1,0,0,62.1,61,35,61,17,13,2,9,1,0,9,5.05,1.25
Brett Martin,TEX,30,66,0,0,0,62.1,67,22,42,14,5,4,4,0,2,11,3.18,1.30
Adam Ottavino,BOS,39,69,0,0,0,62.0,55,29,71,35,5,7,3,11,6,23,4.21,1.45
Sergio Romo,OAK,42,66,0,0,0,61.2,56,32,60,21,9,1,1,3,4,12,4.67,1.25
Zack Littell,SF,29,63,2,0,0,61.2,46,20,63,24,7,4,0,2,4,5,2.92,1.14
Carlos Estevez,COL,32,64,0,0,0,61.2,71,30,60,21,8,3,5,11,6,15,4.38,1.49
Jose Cisnero,DET,36,67,0,0,0,61.2,51,25,62,31,6,4,4,4,4,18,3.65,1.33
Anthony Bass,MIA,37,70,1,0,0,61.1,55,26,58,24,11,3,9,0,4,19,3.82,1.29
Anthony Bender,MIA,30,60,1,0,0,61.1,45,19,71,20,5,3,2,3,2,12,2.79,1.06
Danny Duffy,KC,36,13,12,0,0,61.0,52,17,65,22,6,4,3,0,0,0,2.51,1.21
Jake Diekman,OAK,38,67,0,0,0,60.2,47,26,83,34,10,3,3,7,7,14,3.86,1.34
David Bednar,PIT,30,61,0,0,0,60.2,40,15,77,19,5,3,1,3,2,13,2.23,0.97
Matt Shoemaker,MIN,38,16,11,0,0,60.1,73,54,40,27,15,3,8,0,0,0,8.06,1.66
Jorge Alcala,MIN,29,59,0,0,0,59.2,45,26,61,13,10,3,6,1,4,11,3.92,0.97
Tim Hill,SD,35,78,0,0,0,59.2,51,24,56,23,9,6,6,1,4,17,3.62,1.24
Jake McGee,SF,38,62,0,0,0,59.2,44,18,58,10,7,3,2,31,5,8,2.72,0.91
Jeurys Familia,NYM,35,65,0,0,0,59.1,57,26,72,27,10,9,4,1,6,11,3.94,1.42
Josh Sborz,TEX,31,63,0,0,0,59.0,52,26,69,32,7,4,3,1,3,9,3.97,1.42
Drew Rasmussen,TB,29,20,10,0,0,59.0,44,16,48,13,3,4,0,0,0,1,2.44,0.97
Pierce Johnson,SD,34,63,2,0,0,58.2,47,21,77,27,6,3,4,0,2,9,3.22,1.26
Josh Hader,MIL,31,60,0,0,0,58.2,25,8,102,24,3,4,2,34,1,0,1.23,0.84
Trevor Williams,CHC,33,13,12,0,0,58.2,68,33,61,22,10,4,2,0,0,0,5.06,1.53
Richard Bleier,MIA,38,68,0,0,0,58.0,51,19,44,6,4,3,2,0,6,20,2.95,0.98
Reynaldo Lopez,CWS,31,20,9,0,0,57.2,42,22,55,13,10,4,4,0,0,0,3.43,0.95
Connor Brogdon,PHI,30,56,1,0,0,57.2,47,22,50,18,6,5,4,1,4,10,3.43,1.13
Austin Voth,WAS,32,49,1,0,0,57.1,57,34,59,28,10,4,1,0,5,7,5.34,1.48
Jesus Luzardo,MIA,27,12,12,0,0,57.1,60,41,58,32,9,4,5,0,0,0,6.44,1.60
Justin Steele,CHC,29,20,9,0,0,57.0,50,27,59,27,12,4,4,0,0,1,4.26,1.35
Tyler Wells,BAL,30,44,0,0,0,57.0,40,26,65,12,9,2,3,4,3,1,4.11,0.91
Jaime Barria,LAA,28,13,11,0,0,56.2,70,29,35,19,8,2,4,0,0,0,4.61,1.57
Aaron Loup,NYM,37,65,2,0,0,56.2,37,6,57,16,1,6,0,0,4,16,0.95,0.94
Adam Plutko,BAL,33,38,1,0,0,56.1,65,42,44,27,17,1,2,1,2,5,6.71,1.63
Chasen Shreve,PIT,34,57,0,0,0,56.1,43,20,45,28,7,3,3,0,2,11,3.20,1.26
Aaron Bummer,CWS,31,62,0,0,0,56.1,42,22,75,29,3,5,5,2,6,21,3.51,1.26
Aroldis Chapman,NYY,37,61,0,0,0,56.1,36,21,97,38,9,6,4,30,4,1,3.36,1.31
Greg Holland,KC,39,57,0,0,0,55.2,49,30,53,26,9,3,5,8,4,8,4.85,1.35
Tony Gonsolin,LAD,31,15,13,0,0,55.2,41,20,65,34,8,4,1,0,0,0,3.23,1.35
Jose Alvarado,PHI,29,64,0,0,0,55.2,42,26,68,47,5,7,1,5,3,16,4.20,1.60
James Karinchak,CLE,29,60,0,0,0,55.1,35,25,78,32,9,7,4,11,5,13,4.07,1.21
Zach Pop,MIA,28,50,0,0,0,54.2,54,25,51,24,3,1,0,0,1,1,4.12,1.43
Anthony Misiewicz,SEA,30,66,0,0,0,54.2,61,28,53,15,7,5,5,0,5,19,4.61,1.39
Spenser Watkins,BAL,32,16,10,0,0,54.2,74,49,35,19,14,2,7,0,0,0,8.07,1.70
Matt Barnes,BOS,34,60,0,0,0,54.2,41,23,84,20,8,6,5,24,6,0,3.79,1.12
Garrett Crochet,CWS,25,54,0,0,0,54.1,42,17,65,27,2,3,5,0,1,12,2.82,1.27
J.A. Happ,STL,42,11,11,0,0,54.0,52,24,45,17,9,5,2,0,0,0,4.00,1.28
Kyle Zimmer,KC,33,52,2,0,0,54.0,46,29,46,30,7,4,1,2,1,10,4.83,1.41
Devin Williams,MIL,30,58,0,0,0,54.0,36,15,87,28,5,8,2,3,3,23,2.50,1.19
Tanner Scott,BAL,30,62,0,0,0,54.0,48,31,70,37,6,5,4,0,2,16,5.17,1.57
Dominic Leone,SF,33,57,4,0,0,53.2,37,9,50,22,2,4,5,2,2,15,1.51,1.10
Carlos Carrasco,NYM,38,12,12,0,0,53.2,59,36,50,18,12,1,5,0,0,0,6.04,1.43
Dean Kremer,BAL,29,13,13,0,0,53.2,63,45,47,25,17,0,7,0,0,0,7.55,1.64
Keegan Thompson,CHC,30,32,6,0,0,53.1,48,20,55,31,9,3,3,1,1,1,3.38,1.48
Jose Quintana,LAA,36,24,10,0,0,53.1,66,40,73,29,9,0,3,0,0,2,6.75,1.78
Hirokazu Sawamura,BOS,37,55,0,0,0,53.0,45,18,61,32,9,5,1,0,1,11,3.06,1.45
Rex Brothers,CHC,37,57,0,0,0,53.0,41,31,75,35,9,3,2,1,0,8,5.26,1.43
Tim Mayza,TOR,33,61,0,0,0,53.0,40,20,57,12,5,5,2,1,3,18,3.40,0.98
Austin Adams,SD,34,65,0,0,0,52.2,28,24,76,35,1,3,2,0,1,10,4.10,1.20
A.J. Minter,ATL,31,61,0,0,0,52.1,44,22,57,20,2,3,6,0,6,23,3.78,1.22
J.C. Mejia,CLE,28,17,11,0,0,52.1,60,48,47,24,13,1,7,0,0,0,8.25,1.61
Elieser Hernandez,MIA,30,11,11,0,0,51.2,54,24,53,14,13,1,3,0,0,0,4.18,1.32
Archie Bradley,PHI,32,53,0,0,0,51.0,51,21,40,22,5,7,3,2,3,14,3.71,1.43
Randy Dobnak,MIN,30,14,6,0,0,50.2,66,43,27,12,11,1,7,1,0,0,7.64,1.54
Phil Bickford,LAD,29,56,0,0,0,50.1,34,14,59,18,6,4,2,1,2,9,2.50,1.03
Logan Allen,CLE,27,14,11,0,0,50.1,58,35,37,17,12,2,7,0,0,0,6.26,1.49
Justin Dunn,SEA,29,11,11,0,0,50.1,37,21,49,29,6,1,3,0,0,0,3.75,1.31
Spencer Turnbull,DET,32,9,9,1,1,50.0,37,16,44,12,2,4,2,0,0,0,2.88,0.98
Touki Toussaint,ATL,28,11,10,0,0,50.0,43,25,48,22,11,3,3,0,0,0,4.50,1.30
Brandon Bielak,HOU,29,28,2,0,0,50.0,48,25,46,21,5,3,4,1,1,2,4.50,1.38
Derek Holland,DET,38,39,1,0,0,49.2,58,28,51,20,6,3,2,0,0,5,5.07,1.57
Josh Tomlin,ATL,40,35,0,0,0,49.1,69,36,37,5,10,4,0,0,0,2,6.57,1.50
Trent Thornton,TOR,31,37,3,0,0,49.0,54,26,52,16,12,1,3,0,0,0,4.78,1.43
Brooks Raley,HOU,36,58,0,0,0,49.0,43,26,65,16,6,2,3,2,3,9,4.78,1.20
Chase Anderson,PHI,37,14,9,0,0,48.0,51,36,35,20,10,2,4,0,0,0,6.75,1.48
Amir Garrett,CIN,33,63,0,0,0,47.2,46,32,61,29,9,0,4,7,4,7,6.04,1.57
Yency Almonte,COL,30,48,0,0,0,47.2,47,40,47,29,9,1,3,0,3,3,7.55,1.59
Josh Taylor,BOS,32,61,0,0,0,47.2,45,18,60,23,2,1,0,1,0,15,3.40,1.43
Paul Fry,BAL,32,52,0,0,0,47.1,37,32,60,35,3,4,5,2,2,11,6.08,1.52
Ryan Helsley,STL,30,51,0,0,0,47.1,40,24,47,27,4,6,4,1,2,10,4.56,1.42
Dinelson Lamet,SD,32,22,9,0,0,47.0,48,23,57,22,6,2,4,0,0,1,4.40,1.49
Lucas Sims,CIN,31,47,0,0,0,47.0,34,23,76,18,6,5,3,7,3,9,4.40,1.11
Mitch White,LAD,30,21,4,0,0,46.2,38,19,49,17,6,1,3,0,2,0,3.66,1.18
Seth Lugo,NYM,35,46,0,0,0,46.1,41,18,55,19,6,4,3,1,3,13,3.50,1.29
Robert Stephenson,COL,32,49,0,0,0,46.0,42,16,52,18,5,2,1,1,1,4,3.13,1.30
John King,TEX,30,27,0,0,0,46.0,41,18,40,12,3,7,5,0,1,4,3.52,1.15
Cesar Valdez,BAL,40,39,0,0,0,46.0,62,30,45,14,8,2,2,8,5,0,5.87,1.65
Humberto Castellanos,ARI,27,14,7,0,0,45.2,48,25,29,15,7,2,2,0,1,1,4.93,1.38
Ross Detwiler,MIA,39,46,5,0,0,45.1,41,25,56,15,8,2,1,0,0,1,4.96,1.24
Joe Jimenez,DET,30,52,0,0,0,45.1,34,30,57,35,6,6,1,1,1,5,5.96,1.52
Sam Howard,PIT,32,54,1,0,0,45.0,34,28,60,32,7,3,4,0,1,12,5.60,1.47
Sam Clay,WAS,31,58,0,0,0,45.0,55,28,34,22,4,0,5,0,1,11,5.60,1.71
Miles Mikolas,STL,36,9,9,0,0,44.2,43,21,31,11,6,2,3,0,0,0,4.23,1.21
Jeffrey Springs,TB,32,43,0,0,0,44.2,35,17,63,14,9,5,1,2,2,10,3.43,1.10
Joe Kelly,LAD,36,48,0,0,0,44.0,28,14,50,15,3,2,0,2,1,10,2.86,0.98
Hansel Robles,MIN,34,45,0,0,0,44.0,37,24,43,24,6,3,4,10,2,14,4.91,1.39
Blake Parker,CLE,39,47,0,0,0,43.2,43,15,37,14,5,2,1,0,0,4,3.09,1.31
Chase De Jong,PIT,31,9,9,0,0,43.2,49,28,39,19,11,1,4,0,0,0,5.77,1.56
Taylor Clarke,ARI,32,43,0,0,0,43.1,52,24,39,14,4,1,3,0,1,7,4.98,1.52
Tony Santillan,CIN,28,26,4,0,0,43.1,34,14,56,21,7,1,3,0,0,0,2.91,1.27
Chris Martin,ATL,38,46,0,0,0,43.1,49,19,33,6,4,2,4,1,4,13,3.95,1.27
Burch Smith,OAK,35,31,0,0,0,43.1,49,26,28,11,5,1,1,0,1,4,5.40,1.38
Rafael Montero,SEA,34,40,0,0,0,43.1,56,35,37,15,4,5,3,7,6,4,7.27,1.64
Ryan Tepera,CHC,37,43,0,0,0,43.1,22,14,50,12,3,0,2,1,2,15,2.91,0.78
Blake Taylor,HOU,29,51,0,0,0,42.2,38,15,41,22,6,4,4,0,5,5,3.16,1.41
Brad Hand,WAS,35,41,0,0,0,42.2,31,17,42,18,5,5,5,21,5,0,3.59,1.15
Wandy Peralta,NYY,33,46,1,0,0,42.2,38,14,35,18,5,3,3,3,0,5,2.95,1.31
Pete Fairbanks,TB,31,47,0,0,0,42.2,40,17,56,21,2,3,6,5,2,14,3.59,1.43
Lucas Gilbreath,COL,29,47,1,0,0,42.2,33,16,44,23,5,3,2,1,0,4,3.38,1.31
Alex Wells,BAL,28,11,8,0,0,42.2,53,32,26,16,10,2,3,0,0,0,6.75,1.62
Wander Suero,WAS,33,45,0,0,0,42.2,45,30,44,15,11,2,3,0,3,7,6.33,1.41
Edgar Santana,ATL,33,41,0,0,0,42.2,37,17,33,12,7,3,0,0,0,3,3.59,1.15
Chris Sale,BOS,36,9,9,0,0,42.2,45,15,52,12,6,5,1,0,0,0,3.16,1.34
Wade Davis,KC,39,40,0,0,0,42.2,44,32,38,19,8,0,3,2,1,2,6.75,1.48
Wade LeBlanc,STL,40,12,8,0,0,42.1,45,17,23,16,7,0,1,0,0,0,3.61,1.44
Sam Coonrod,PHI,32,42,2,0,0,42.1,41,19,48,15,5,2,2,2,4,9,4.04,1.32
Spencer Patton,TEX,37,42,0,0,0,42.1,36,18,48,15,4,2,2,2,3,11,3.83,1.20
Heath Hembree,CIN,36,45,0,0,0,42.1,32,30,68,19,10,2,7,8,2,6,6.38,1.20
Miguel Diaz,SD,30,25,2,0,0,42.0,31,17,46,19,8,3,1,1,0,1,3.64,1.19
Clay Holmes,PIT,32,44,0,0,0,42.0,35,23,44,25,3,3,2,0,0,6,4.93,1.43
Alex Young,ARI,31,30,2,0,0,41.2,50,29,38,20,11,2,6,0,2,3,6.26,1.68
Drew Smith,NYM,31,31,1,0,0,41.1,28,11,41,16,7,3,1,0,0,1,2.40,1.06
Phil Maton,CLE,32,38,1,0,0,41.1,36,21,61,20,4,2,0,0,1,4,4.57,1.35
Sam Long,SF,29,12,5,0,0,40.2,37,25,38,15,5,2,1,0,0,0,5.53,1.28
Kohei Arihara,TEX,32,10,10,0,0,40.2,45,30,24,13,11,2,4,0,0,0,6.64,1.43
Taylor Rogers,MIN,34,40,0,0,0,40.1,38,15,59,8,4,2,4,9,4,8,3.35,1.14
Bryse Wilson,PIT,27,8,8,0,0,40.1,40,22,23,10,8,1,4,0,0,0,4.91,1.24
Casey Sadler,SEA,34,42,0,0,0,40.1,19,3,37,10,1,0,1,0,0,15,0.67,0.72
Darwinzon Hernandez,BOS,28,48,0,0,0,40.0,29,15,54,31,5,2,2,0,4,12,3.38,1.50
Juan Minaya,MIN,34,29,0,0,0,40.0,27,11,43,20,4,2,1,0,0,7,2.48,1.18
Alex Vesia,LAD,29,41,0,0,0,40.0,17,10,54,22,6,3,1,1,1,9,2.25,0.98
Tyler Gilbert,ARI,31,9,6,1,1,40.0,28,14,25,13,4,2,2,0,0,1,3.15,1.03
Phillips Valdez,BOS,33,28,0,0,0,40.0,35,26,35,19,4,2,0,1,0,2,5.85,1.35
John Curtiss,MIA,32,35,2,0,0,40.0,34,11,40,9,4,3,1,0,0,1,2.48,1.08
Joe Mantiply,ARI,34,57,0,0,0,39.2,45,15,38,17,1,0,3,0,2,11,3.40,1.56
Dennis Santana,TEX,29,39,0,0,0,39.2,30,16,38,21,4,2,4,0,2,5,3.63,1.29
Dan Winkler,CHC,35,47,0,0,0,39.2,32,23,40,30,5,1,3,0,1,6,5.22,1.56
Andrew Chafin,CHC,34,43,0,0,0,39.1,21,9,37,12,1,0,2,0,1,17,2.06,0.84
Jakob Junis,KC,32,16,6,0,0,39.1,43,23,41,12,7,2,4,0,2,0,5.26,1.40
Bryan Garcia,DET,30,39,0,0,0,39.1,48,33,32,25,10,3,2,2,1,3,7.55,1.86
Matt Foster,CWS,30,37,0,0,0,39.0,43,26,40,13,9,2,1,1,1,2,6.00,1.44
Codi Heuer,CWS,28,40,0,0,0,38.2,45,22,39,10,5,4,1,0,0,13,5.12,1.42
Max Kranick,PIT,27,9,9,0,0,38.2,47,27,32,19,4,2,3,0,0,0,6.28,1.71
T.J. McFarland,STL,35,38,0,0,0,38.2,32,11,21,9,3,4,1,0,1,15,2.56,1.06
Sean Doolittle,CIN,38,45,0,0,0,38.1,40,19,41,18,6,3,1,1,4,4,4.46,1.51
Paul Blackburn,OAK,31,9,9,0,0,38.1,52,25,26,10,8,1,4,0,0,0,5.87,1.62
Joey Lucchesi,NYM,31,11,8,0,0,38.1,34,19,41,11,4,1,4,0,0,0,4.46,1.17
Richard Rodriguez,PIT,35,37,0,0,0,38.1,27,12,33,5,2,4,2,14,3,0,2.82,0.83
Cody Ponce,PIT,31,15,2,0,0,38.1,56,30,36,11,8,0,6,0,0,0,7.04,1.75
Luis Cessa,NYY,33,29,0,0,0,38.1,31,12,31,17,2,3,1,0,0,1,2.82,1.25
Jesus Luzardo,OAK,27,13,6,0,0,38.0,46,29,40,16,11,2,4,0,0,1,6.87,1.63
Charlie Barnes,MIN,29,9,8,0,0,38.0,46,25,20,16,4,0,3,0,0,0,5.92,1.63
Matt Andriese,BOS,35,26,0,0,0,37.1,55,25,38,11,7,2,3,1,3,3,6.03,1.77
Adam Cimber,TOR,34,39,0,0,0,37.1,31,7,30,5,2,2,2,1,0,5,1.69,0.96
Trevor Cahill,PIT,37,9,8,0,0,37.0,42,27,32,14,4,1,5,0,0,0,6.57,1.51
Craig Kimbrel,CHC,36,39,0,0,0,36.2,13,2,64,13,1,2,3,23,2,0,0.49,0.71
Ryan Burr,CWS,30,34,1,0,0,36.2,28,10,33,21,3,2,1,0,1,3,2.45,1.34
Daniel Norris,DET,32,38,0,0,0,36.2,38,24,40,15,4,1,3,1,2,6,5.89,1.45
Kyle Muller,ATL,27,9,8,0,0,36.2,26,17,37,20,2,2,4,0,0,0,4.17,1.25
Albert Abreu,NYY,29,28,0,0,0,36.2,27,21,35,19,8,2,0,1,0,3,5.15,1.25
J.P. Feyereisen,TB,32,34,0,0,0,36.2,26,10,33,22,3,4,2,3,1,7,2.45,1.31
Hunter Strickland,MIL,36,35,0,0,0,36.1,21,7,38,12,4,3,2,0,0,1,1.73,0.91
Yimi Garcia,MIA,34,39,0,0,0,36.1,31,14,35,13,5,3,7,15,3,2,3.47,1.21
Diego Castillo,TB,31,37,0,0,0,36.1,26,11,49,10,5,2,4,14,2,3,2.72,0.99
Jordan Holloway,MIA,28,13,4,0,0,36.0,23,16,36,26,3,2,3,0,0,0,4.00,1.36
Bryan Abreu,HOU,28,31,0,0,0,36.0,35,23,36,18,4,3,3,1,4,7,5.75,1.47
Andrew Miller,STL,39,40,0,0,0,36.0,41,19,40,16,5,0,0,0,0,4,4.75,1.58
Steven Okert,MIA,33,34,0,0,0,36.0,22,11,40,15,5,3,1,0,0,1,2.75,1.03
Nick Neidert,MIA,28,8,7,0,0,35.2,31,18,21,23,4,1,2,0,0,0,4.54,1.51
Ben Bowden,COL,30,39,0,0,0,35.2,44,26,42,21,6,3,2,0,1,1,6.56,1.82
Andrew Heaney,NYY,33,12,5,0,0,35.2,38,29,37,10,13,2,2,0,1,0,7.32,1.35
Andres Machado,WAS,32,40,0,0,0,35.2,30,14,30,15,4,1,2,0,3,10,3.53,1.26
Josh Rogers,WAS,30,6,6,0,0,35.2,32,13,22,14,7,2,2,0,0,0,3.28,1.29
Alex Lange,DET,29,36,0,0,0,35.2,37,16,39,16,5,1,3,1,2,6,4.04,1.49
Ryne Harper,WAS,36,34,0,0,0,35.2,28,16,31,14,6,0,2,0,1,3,4.04,1.18
Erik Swanson,SEA,31,33,2,0,0,35.1,28,13,35,10,5,0,3,1,2,5,3.31,1.08
Victor Gonzalez,LAD,29,44,1,0,0,35.1,32,14,33,19,3,3,1,1,1,16,3.57,1.44
Buck Farmer,DET,34,36,0,0,0,35.1,40,25,37,21,9,0,0,0,1,2,6.37,1.73
Aaron Sanchez,SF,32,9,7,0,0,35.1,32,12,26,15,2,1,1,0,0,0,3.06,1.33
Hyeon-Jong Yang,TEX,37,12,4,0,0,35.1,42,22,25,16,9,0,3,0,0,0,5.60,1.64
Adrian Sampson,CHC,33,10,5,0,0,35.1,30,11,28,8,8,1,2,0,0,0,2.80,1.08
Will Vest,SEA,29,32,0,0,0,35.0,38,24,27,18,2,1,0,0,0,6,6.17,1.60
Louis Head,TB,35,27,2,0,0,35.0,21,9,32,9,2,2,0,0,0,0,2.31,0.86
Jacob Webb,ATL,31,34,0,0,0,34.1,38,16,33,14,4,5,4,1,1,0,4.19,1.51
Danny Coulombe,MIN,35,29,1,0,0,34.1,35,14,33,7,5,3,2,0,1,2,3.67,1.22
Adam Cimber,MIA,34,33,0,0,0,34.1,30,11,21,11,0,1,2,0,0,0,2.88,1.19
Braxton Garrett,MIA,27,8,7,0,0,34.0,42,19,32,20,3,1,2,0,0,0,5.03,1.82
Ryan Thompson,TB,32,36,0,0,0,34.0,26,9,37,9,3,3,2,0,4,11,2.38,1.03
Tejay Antone,CIN,31,23,0,0,0,33.2,17,8,42,13,3,2,0,3,4,8,2.14,0.89
Nick Sandlin,CLE,28,34,0,0,0,33.2,21,11,48,17,2,1,1,0,1,5,2.94,1.13
Jesse Chavez,ATL,41,30,4,0,0,33.2,23,8,36,11,0,3,2,0,1,2,2.14,1.01
Anthony Kay,TOR,30,11,5,0,0,33.2,38,21,39,18,7,1,2,0,0,0,5.61,1.66
John Gant,MIN,32,14,7,0,0,33.2,31,21,36,15,4,1,5,0,0,1,5.61,1.37
Bailey Falter,PHI,28,22,1,0,0,33.2,34,21,34,6,5,2,1,0,0,3,5.61,1.19
Bryse Wilson,ATL,27,8,8,0,0,33.2,45,22,23,12,7,2,3,0,0,0,5.88,1.69
Luis Garcia,STL,38,34,0,0,0,33.1,25,12,34,8,2,1,1,2,1,11,3.24,0.99
Brusdar Graterol,LAD,26,34,1,0,0,33.1,34,17,27,13,2,3,0,0,2,5,4.59,1.41
Daniel Ponce de Leon,STL,33,24,2,0,0,33.1,32,23,24,22,5,1,1,2,1,0,6.21,1.62
Kyle Keller,PIT,32,32,0,0,0,33.1,30,24,36,22,9,1,1,0,0,2,6.48,1.56
Tony Watson,LAA,39,36,0,0,0,33.0,25,17,25,14,3,3,3,0,3,12,4.64,1.18
Kendall Graveman,SEA,34,30,0,0,0,33.0,15,3,34,8,2,4,0,10,2,4,0.82,0.70
Alex Claudio,LAA,33,41,0,0,0,32.2,37,20,30,15,6,1,2,1,0,2,5.51,1.59
Jake Faria,ARI,31,23,3,0,0,32.2,39,20,32,13,5,0,0,0,0,0,5.51,1.59
Noe Ramirez,ARI,35,36,0,0,0,32.2,18,10,29,11,2,0,2,1,2,10,2.76,0.89
Trevor Richards,TOR,32,32,0,0,0,32.2,16,12,37,10,7,4,2,0,3,5,3.31,0.80
Daniel Hudson,WAS,38,31,0,0,0,32.2,23,8,48,7,4,4,1,0,2,15,2.20,0.92
Ian Kennedy,TEX,40,32,0,0,0,32.1,27,9,35,7,5,0,0,16,1,0,2.51,1.05
Trevor Williams,NYM,33,10,3,0,0,32.1,37,11,29,9,1,0,0,0,0,0,3.06,1.42
Sean Newcomb,ATL,31,32,0,0,0,32.1,28,17,43,27,1,2,0,1,1,2,4.73,1.70
Rafael Dolis,TOR,37,39,0,0,0,32.0,29,20,39,27,2,2,3,3,1,3,5.63,1.75
Domingo Tapia,KC,33,32,0,0,0,31.2,21,10,25,14,1,4,1,0,3,7,2.84,1.11
Tanner Rainey,WAS,32,38,0,0,0,31.2,29,26,42,25,6,1,3,3,3,10,7.39,1.71
Ryan Hendrix,CIN,30,36,0,0,0,31.2,33,21,35,16,8,5,1,0,1,3,5.97,1.55
Aaron Ashby,MIL,26,13,4,0,0,31.2,25,16,39,12,4,3,2,1,0,0,4.55,1.17
Dillon Maples,CHC,33,28,0,0,0,31.1,15,9,40,25,2,1,0,0,0,0,2.59,1.28
Keynan Middleton,SEA,31,32,1,0,0,31.0,30,17,24,19,2,1,2,4,0,3,4.94,1.58
Aaron Slegers,LAA,32,29,0,0,0,31.0,43,24,25,15,6,2,2,0,2,2,6.97,1.87
Cody Poteet,MIA,30,7,7,0,0,30.2,25,17,32,16,7,2,3,0,0,0,4.99,1.34
Jharel Cotton,TEX,33,23,0,0,0,30.2,28,12,30,15,2,2,0,0,0,4,3.52,1.40
Jackson Kowar,KC,28,9,8,0,0,30.1,43,38,29,20,7,0,6,0,0,0,11.27,2.08
Joel Payamps,TOR,31,22,0,0,0,30.0,21,9,22,11,3,0,2,0,0,0,2.70,1.07
Jake Cousins,MIL,30,30,0,0,0,30.0,16,9,44,19,3,1,0,0,0,7,2.70,1.17
Marcos Diplan,BAL,28,23,0,0,0,30.0,22,15,24,15,6,2,0,0,0,1,4.50,1.23
Kyle McGowin,WAS,33,27,0,0,0,30.0,21,14,35,14,5,0,0,0,0,1,4.20,1.17
JT Chargois,SEA,34,31,0,0,0,30.0,23,10,29,6,2,1,0,0,2,9,3.00,0.97
Brad Brach,CIN,39,35,0,0,0,30.0,30,21,33,18,5,1,2,1,2,10,6.30,1.60
Mychal Givens,COL,35,31,0,0,0,29.2,25,9,34,14,5,3,2,0,1,8,2.73,1.31
Chris Rodriguez,LAA,26,15,2,0,0,29.2,28,12,29,15,0,2,1,0,1,2,3.64,1.45
Brandon Kintzler,PHI,40,29,1,0,0,29.2,45,21,22,8,7,2,1,0,2,2,6.37,1.79
Luis Oviedo,PIT,26,22,1,0,0,29.2,33,29,31,26,4,1,2,0,0,0,8.80,1.99
Zac Lowther,BAL,29,10,6,0,0,29.2,36,22,30,13,6,1,3,0,0,0,6.67,1.65
Luis Gil,NYY,26,6,6,0,0,29.1,20,10,38,19,4,1,1,0,0,0,3.07,1.33
Joakim Soria,ARI,40,31,0,0,0,29.1,31,14,31,8,4,1,4,6,2,3,4.30,1.33
Jordan Sheffield,COL,29,30,0,0,0,29.1,19,11,20,13,2,0,0,0,0,4,3.38,1.09
Andrew Chafin,OAK,34,28,0,0,0,29.1,24,5,27,7,3,2,2,5,2,5,1.53,1.06
Matt Wisler,TB,32,27,0,0,0,29.1,22,7,36,5,2,2,3,1,2,7,2.15,0.92
Michael Lorenzen,CIN,33,27,0,0,0,29.0,26,18,21,14,2,1,2,4,0,11,5.59,1.38
Jimmy Nelson,LAD,35,28,1,0,0,29.0,14,6,44,13,0,1,2,0,1,6,1.86,0.93
Joe Barlow,TEX,29,31,0,0,0,29.0,12,5,27,12,2,0,2,11,1,3,1.55,0.83
Reiss Knehr,SD,28,12,5,0,0,29.0,23,16,20,20,2,1,2,0,0,0,4.97,1.48
Codi Heuer,CHC,28,25,0,0,0,28.2,20,10,17,13,2,3,3,2,3,4,3.14,1.15
Justin Garza,CLE,31,21,0,0,0,28.2,27,15,29,18,5,2,1,0,1,0,4.71,1.57
Tommy Nance,CHC,34,27,0,0,0,28.2,25,23,30,13,5,1,1,0,0,5,7.22,1.33
Robert Gsellman,NYM,31,17,1,0,0,28.2,27,12,17,7,3,0,1,0,0,1,3.77,1.19
Kevin Ginkel,ARI,31,32,0,0,0,28.1,30,20,31,14,7,0,1,0,1,6,6.35,1.55
Michael Rucker,CHC,31,20,0,0,0,28.1,32,22,30,11,5,0,0,1,1,0,6.99,1.52
Spencer Howard,PHI,28,11,7,0,0,28.1,25,18,31,17,2,0,2,0,0,0,5.72,1.48
Enyel De Los Santos,PHI,29,26,0,0,0,28.0,34,21,42,14,7,1,1,0,2,1,6.75,1.71
Travis Lakins,BAL,30,24,1,0,0,28.0,23,18,24,17,4,1,4,0,1,3,5.79,1.43
Clay Holmes,NYY,32,25,0,0,0,28.0,18,5,34,4,2,5,2,0,2,6,1.61,0.79
Tyler Chatwood,TOR,35,30,0,0,0,28.0,20,17,32,20,1,1,2,1,1,10,5.46,1.43
Thomas Eshelman,BAL,30,9,6,0,0,27.2,34,22,11,10,6,0,3,0,0,0,7.16,1.59
Yohan Ramirez,SEA,30,25,0,0,0,27.2,18,12,35,12,6,1,3,2,0,0,3.90,1.08
Tyler Zuber,KC,29,31,0,0,0,27.1,26,19,25,17,6,0,3,0,0,4,6.26,1.57
Chris Mazza,TB,35,14,0,0,0,27.1,26,14,21,7,3,0,0,1,0,0,4.61,1.21
Andrew Wantz,LAA,29,21,0,0,0,27.1,23,15,38,11,5,1,0,0,1,0,4.94,1.24
Joely Rodriguez,TEX,33,31,0,0,0,27.1,32,18,30,12,3,1,3,1,1,9,5.93,1.61
Evan Marshall,CWS,35,27,0,0,0,27.1,28,17,26,9,5,0,2,0,4,6,5.60,1.35
Camilo Doval,SF,27,29,0,0,0,27.0,19,9,37,9,4,5,1,3,3,5,3.00,1.04
Joe Ryan,MIN,28,5,5,0,0,26.2,16,12,30,5,4,2,1,0,0,0,4.05,0.79
Brett de Geus,TEX,27,19,0,0,0,26.2,31,25,26,13,3,0,0,0,0,0,8.44,1.65
Paul Campbell,MIA,29,16,1,0,0,26.2,32,19,26,10,5,2,3,0,0,0,6.41,1.58
Sean Nolin,WAS,35,10,5,0,0,26.2,32,13,20,13,4,0,2,0,0,0,4.39,1.69
Erasmo Ramirez,DET,35,17,0,0,0,26.2,24,17,20,5,4,1,1,0,0,0,5.74,1.09
David Hale,PHI,37,17,1,0,0,26.2,30,19,21,9,5,0,2,0,1,0,6.41,1.46
Dillon Peters,PIT,32,6,6,0,0,26.2,26,11,23,10,2,1,2,0,0,0,3.71,1.35
Edward Cabrera,MIA,27,7,7,0,0,26.1,24,17,28,19,6,0,3,0,0,0,5.81,1.63
Demarcus Evans,TEX,28,25,0,0,0,26.1,24,15,33,16,4,0,2,0,2,2,5.13,1.52
Anthony Banda,PIT,31,25,0,0,0,26.1,25,10,25,12,4,1,2,0,2,4,3.42,1.41
Luis Cessa,CIN,33,24,0,0,0,26.1,24,6,23,2,3,2,1,0,0,3,2.05,0.99
Hector Santiago,SEA,37,13,1,0,0,26.1,27,10,30,11,2,1,1,0,0,0,3.42,1.44
Richard Rodriguez,ATL,35,27,0,0,0,26.0,23,9,9,5,6,1,2,0,0,8,3.12,1.08
Miguel Sanchez,MIL,31,28,0,0,0,26.0,27,12,23,14,4,2,1,0,1,0,4.15,1.58
Tayler Saucedo,TOR,31,29,0,0,0,25.2,22,13,19,10,1,0,0,0,2,1,4.56,1.25
Jose Quijada,LAA,29,26,0,0,0,25.2,20,13,38,15,2,0,2,0,0,4,4.56,1.36
Robert Dugger,SEA,29,12,4,0,0,25.2,34,21,19,12,4,0,2,0,0,0,7.36,1.79
Carson Fulmer,CIN,31,20,0,0,0,25.2,26,19,24,13,3,0,0,0,0,1,6.66,1.52
Corey Knebel,LAD,33,27,4,0,0,25.2,16,7,30,9,2,4,0,3,2,9,2.45,0.97
Drew Pomeranz,SD,36,27,0,0,0,25.2,19,5,30,10,2,1,0,0,0,13,1.75,1.13
Adam Morgan,CHC,35,34,0,0,0,25.1,22,12,28,12,6,2,1,2,2,4,4.26,1.34
Chris Ellis,BAL,32,6,6,0,0,25.1,18,7,16,13,3,0,0,0,0,0,2.49,1.22
Ashton Goudeau,COL,32,11,1,0,0,25.1,16,12,17,8,3,2,1,0,0,0,4.26,0.95
Phil Maton,HOU,32,27,0,0,0,25.1,29,14,24,12,2,4,0,0,3,2,4.97,1.62
Kodi Whitley,STL,30,25,0,0,0,25.1,15,7,27,12,1,0,0,0,0,4,2.49,1.07
Tyler Clippard,ARI,40,26,0,0,0,25.1,22,9,21,11,3,1,1,6,3,3,3.20,1.30
Yennsy Diaz,NYM,28,20,0,0,0,25.0,25,15,21,12,5,0,2,0,0,0,5.40,1.48
J.B. Wendelken,OAK,32,26,0,0,0,25.0,29,12,26,13,2,2,1,0,1,2,4.32,1.68
Hansel Robles,BOS,34,27,0,0,0,25.0,21,10,33,13,2,0,1,4,0,3,3.60,1.36
Luke Farrell,MIN,33,20,1,0,0,24.2,28,13,25,13,4,1,1,0,0,1,4.74,1.66
Anthony Castro,TOR,30,25,0,0,0,24.2,23,13,32,8,4,1,2,1,1,1,4.74,1.26
Jefry Rodriguez,WAS,31,14,1,0,0,24.1,25,16,20,17,6,0,0,0,0,0,5.92,1.73
Kyle Crick,PIT,32,27,0,0,0,24.1,14,12,21,19,0,1,1,0,1,6,4.44,1.36
Tony Watson,SF,39,26,0,0,0,24.1,15,8,19,4,1,4,1,0,0,7,2.96,0.78
Yacksel Rios,BOS,31,20,0,0,0,24.1,13,10,21,14,3,3,0,0,0,1,3.70,1.11
Cionel Perez,CIN,29,25,0,0,0,24.0,21,17,25,20,5,1,2,0,0,0,6.38,1.71
Ian Kennedy,PHI,40,23,0,0,0,24.0,18,11,27,10,7,3,1,10,3,0,4.13,1.17
Ryan Borucki,TOR,31,24,0,0,0,23.2,18,13,21,11,5,3,1,0,1,3,4.94,1.23
Trevor Megill,CHC,31,28,0,0,0,23.2,36,22,30,8,7,1,2,0,0,1,8.37,1.86
JT Chargois,TB,34,25,0,0,0,23.2,15,5,24,14,3,5,1,0,3,6,1.90,1.23
Conner Greene,BAL,30,22,1,0,0,23.1,30,20,24,12,1,1,3,0,4,1,7.71,1.80
Glenn Otto,TEX,29,6,6,0,0,23.1,32,24,28,8,2,0,3,0,0,0,9.26,1.71
Stefan Crichton,ARI,33,31,0,0,0,23.1,33,19,17,12,3,0,4,4,0,5,7.33,1.93
Nick Mears,PIT,28,30,0,0,0,23.1,25,13,23,13,5,1,0,0,5,3,5.01,1.63
Brett de Geus,ARI,27,28,0,0,0,23.1,31,17,15,12,3,3,2,0,2,3,6.56,1.84
Caleb Baragar,SF,31,25,0,0,0,23.0,19,4,16,12,1,2,1,2,1,7,1.57,1.35
A.J. Alexy,TEX,27,5,4,0,0,23.0,13,12,17,17,4,3,1,0,0,0,4.70,1.30
Craig Kimbrel,CWS,36,24,0,0,0,23.0,18,13,36,10,5,2,2,1,3,7,5.09,1.22
Kendall Graveman,HOU,34,23,0,0,0,23.0,20,8,27,12,1,1,1,0,3,7,3.13,1.39
Rowan Wick,CHC,32,22,0,0,0,23.0,17,11,29,14,1,0,1,5,3,2,4.30,1.35
Dustin May,LAD,27,5,5,0,0,23.0,16,7,35,6,4,1,1,0,0,0,2.74,0.96
Wes Benjamin,TEX,31,13,2,0,0,22.2,29,22,19,17,6,0,2,0,1,0,8.74,2.03
Packy Naughton,LAA,29,7,5,0,0,22.2,27,16,12,14,3,0,4,0,0,0,6.35,1.81
Humberto Mejia,ARI,28,5,5,0,0,22.1,32,18,20,9,5,0,3,0,0,0,7.25,1.84
Dietrich Enns,TB,34,9,0,0,0,22.1,17,7,25,6,1,2,0,2,0,0,2.82,1.03
Drew Anderson,TEX,31,9,1,0,0,22.0,20,8,9,6,1,1,1,0,0,0,3.27,1.18
Diego Castillo,SEA,31,24,0,0,0,22.0,14,7,26,7,4,3,1,2,4,7,2.86,0.95
Stephen Strasburg,WAS,36,5,5,0,0,21.2,16,11,21,14,4,1,2,0,0,0,4.57,1.38
Joe Smith,HOU,41,27,0,0,0,21.2,35,18,17,4,4,1,1,0,0,1,7.48,1.80
Mason Thompson,WAS,27,27,0,0,0,21.2,28,10,21,14,4,1,3,0,3,5,4.15,1.94
Hoby Milner,MIL,34,19,0,0,0,21.2,30,13,30,3,8,0,0,0,0,1,5.40,1.52
Jay Jackson,SF,37,23,1,0,0,21.2,15,9,28,12,3,2,1,0,2,4,3.74,1.25
Mychal Givens,CIN,35,23,0,0,0,21.1,18,10,20,13,2,1,1,8,2,3,4.22,1.45
Drew Hutchison,DET,34,9,2,0,0,21.1,20,5,10,11,1,3,1,0,1,0,2.11,1.45
Yimi Garcia,HOU,34,23,0,0,0,21.1,18,13,25,5,3,1,2,0,0,2,5.48,1.08
Spencer Howard,TEX,28,8,8,0,0,21.1,28,23,21,10,5,0,3,0,0,0,9.70,1.78
Art Warren,CIN,32,26,0,0,0,21.0,11,3,34,8,1,3,0,0,0,1,1.29,0.90
Junior Fernandez,STL,28,18,0,0,0,20.2,25,13,15,15,2,1,0,0,0,0,5.66,1.94
Sean Reid-Foley,NYM,29,12,0,0,0,20.2,22,12,26,9,3,2,1,0,0,0,5.23,1.50
Sal Romano,CIN,31,14,0,0,0,20.2,20,12,12,9,4,0,0,0,0,0,5.23,1.40
Richard Lovelady,KC,29,20,0,0,0,20.2,16,8,23,6,3,2,0,1,0,4,3.48,1.06
Reid Detmers,LAA,25,5,5,0,0,20.2,26,17,19,11,5,1,3,0,0,0,7.40,1.79
Austin Warren,LAA,29,16,0,0,0,20.1,16,4,20,5,0,3,0,1,0,2,1.77,1.03
Edwin Uceta,LAD,27,14,1,0,0,20.1,19,15,25,12,3,0,3,0,0,0,6.64,1.52
Joel Payamps,KC,31,15,1,0,0,20.1,23,10,16,3,3,1,1,0,0,1,4.43,1.28
Daniel Castano,MIA,30,5,4,0,0,20.1,22,11,13,8,3,0,2,0,0,0,4.87,1.48
Sean Guenther,MIA,29,14,0,0,0,20.1,31,21,15,10,1,0,1,0,0,0,9.30,2.02
Nick Ramirez,SD,35,13,0,0,0,20.1,23,13,14,7,2,1,1,0,0,0,5.75,1.48
Daniel Norris,MIL,32,18,0,0,0,20.1,17,15,18,15,5,1,0,0,1,1,6.64,1.57
Brandon Workman,BOS,36,19,0,0,0,20.0,24,11,14,14,2,1,0,0,0,2,4.95,1.90
Shawn Armstrong,BAL,34,20,0,0,0,20.0,28,19,22,10,5,0,0,0,1,1,8.55,1.90
Tucker Davidson,ATL,29,4,4,0,0,20.0,15,8,18,8,3,0,0,0,0,0,3.60,1.15
JD Hammer,PHI,30,20,0,0,0,20.0,21,11,22,11,3,1,1,0,0,0,4.95,1.60
Trevor Richards,MIL,32,15,0,0,0,19.2,15,7,25,9,3,3,0,0,2,0,3.20,1.22
Andre Scrubb,HOU,30,18,0,0,0,19.2,15,11,21,14,5,1,1,0,2,2,5.03,1.47
Jerad Eickhoff,NYM,34,5,4,0,0,19.2,30,19,13,10,9,0,2,0,0,0,8.69,2.03
Adam Conley,TB,34,17,0,0,0,19.2,14,5,16,6,2,0,0,0,0,0,2.29,1.02
Matt Wisler,SF,32,21,0,0,0,19.1,19,13,26,6,4,1,2,0,1,3,6.05,1.29
Chris Archer,TB,36,6,5,0,0,19.1,18,10,21,8,3,1,1,0,0,0,4.66,1.34
J.P. Feyereisen,MIL,32,21,0,0,0,19.1,10,7,20,11,2,0,2,0,2,9,3.26,1.09
Ralph Garza,MIN,31,18,0,0,0,19.1,13,7,15,7,3,0,2,1,1,2,3.26,1.03
Daniel Hudson,SD,38,23,0,0,0,19.0,17,11,27,9,4,1,2,0,1,2,5.21,1.37
Joely Rodriguez,NYY,33,21,0,0,0,19.0,21,6,17,6,1,1,0,0,1,4,2.84,1.42
Andrew Albers,MIN,39,5,3,0,0,19.0,24,16,12,9,9,1,2,0,0,0,7.58,1.74
J.B. Wendelken,ARI,32,20,0,0,0,18.2,15,9,13,9,2,2,2,2,0,4,4.34,1.29
Patrick Murphy,WAS,29,17,0,0,0,18.2,19,11,23,6,2,0,2,0,0,4,5.30,1.34
Ian Krol,DET,34,18,0,0,0,18.2,23,9,18,8,2,0,0,0,0,0,4.34,1.66
Jacob Barnes,NYM,35,19,0,0,0,18.2,19,13,18,5,6,1,1,2,0,1,6.27,1.29
Justin Bruihl,LAD,27,21,2,0,0,18.2,13,6,11,7,1,0,1,0,0,3,2.89,1.07
Eric Yardley,MIL,34,17,0,0,0,18.2,24,14,5,10,3,0,0,0,1,1,6.75,1.82
John Brebbia,SF,34,18,0,0,0,18.1,25,12,22,4,4,0,1,0,0,1,5.89,1.58
Jandel Gustave,MIL,32,14,0,0,0,18.1,15,7,13,5,2,1,2,0,1,0,3.44,1.09
Jose De Leon,CIN,32,9,2,0,0,18.1,22,17,33,11,4,0,1,0,0,0,8.35,1.80
Zack Britton,NYY,37,22,0,0,0,18.1,17,12,16,14,2,0,1,1,3,11,5.89,1.69
Justin Wilson,NYY,37,21,0,0,0,18.0,18,15,15,9,5,1,1,0,1,2,7.50,1.50
Mike Wright,CWS,35,13,0,0,0,18.0,17,11,11,11,1,0,1,0,0,0,5.50,1.56
Ryan Tepera,CWS,37,22,0,0,0,18.0,13,5,24,7,1,0,0,1,1,6,2.50,1.11
Garrett Cleavinger,LAD,31,22,1,0,0,18.0,20,6,21,12,4,2,4,0,1,0,3.00,1.78
David Hess,MIA,31,14,1,0,0,18.0,24,16,16,10,7,2,2,0,2,2,8.00,1.89
Joe Smith,SEA,41,23,0,0,0,18.0,12,4,17,4,1,3,3,0,3,3,2.00,0.89
Fernando Abad,BAL,39,16,0,0,0,17.2,23,11,10,7,1,0,0,0,0,2,5.60,1.70
Manuel Rodriguez,CHC,28,20,0,0,0,17.2,18,12,16,12,3,3,3,1,0,1,6.11,1.70
Kent Emanuel,HOU,32,10,0,0,0,17.2,12,5,13,4,4,1,0,0,0,1,2.55,0.91
J.B. Bukauskas,ARI,28,21,0,0,0,17.1,24,15,14,7,4,2,2,0,1,1,7.79,1.79
Sean Poppen,ARI,31,20,0,0,0,17.1,20,9,21,7,1,1,1,1,0,1,4.67,1.56
Cory Abbott,CHC,29,7,1,0,0,17.1,20,13,12,11,7,0,0,0,0,0,6.75,1.79
Drew Rasmussen,MIL,29,15,0,0,0,17.0,13,8,25,12,2,0,1,1,0,0,4.24,1.47
Brad Wieck,CHC,33,15,0,0,0,17.0,10,0,28,10,0,0,0,0,0,1,0.00,1.18
Angel Perdomo,MIL,31,19,0,0,0,17.0,12,12,28,16,4,1,0,0,0,0,6.35,1.65
Sam Selman,LAA,34,18,0,0,0,17.0,16,12,11,8,1,0,1,0,0,1,6.35,1.41
Shane Greene,ATL,36,19,0,0,0,17.0,22,16,17,9,5,0,1,0,1,2,8.47,1.82
Josh Lindblom,MIL,37,8,0,0,0,16.2,23,18,17,10,5,0,0,0,0,0,9.72,1.98
Austin Davis,BOS,32,19,0,0,0,16.2,18,9,17,7,2,1,1,0,2,2,4.86,1.50
Justin Lawrence,COL,30,19,0,0,0,16.2,21,16,17,19,0,1,0,0,1,2,8.64,2.40
Janson Junk,LAA,29,4,4,0,0,16.1,20,7,10,2,5,0,1,0,0,0,3.86,1.35
Ryan Buchter,ARI,38,18,0,0,0,16.1,16,12,16,13,5,0,2,0,1,0,6.61,1.78
Tyler Webb,STL,34,22,0,0,0,16.1,22,24,14,19,1,0,0,0,0,2,13.22,2.51
Shawn Armstrong,TB,34,11,0,0,0,16.0,11,8,22,5,5,1,0,0,0,1,4.50,1.00
Hunter Strickland,TB,36,13,0,0,0,16.0,14,3,16,6,1,0,0,0,0,1,1.69,1.25
Justin Wilson,CIN,37,21,0,0,0,16.0,14,5,14,7,1,0,0,0,0,2,2.81,1.31
Justin Miller,STL,37,18,0,0,0,16.0,15,8,9,5,2,1,0,1,0,1,4.50,1.25
Corbin Martin,ARI,29,5,3,0,0,16.0,23,19,13,14,5,0,3,0,0,0,10.69,2.31
Cody Stashak,MIN,30,15,0,0,0,15.2,16,12,26,10,2,0,0,0,0,2,6.89,1.66
Heath Hembree,NYM,36,15,0,0,0,15.2,13,6,15,5,2,0,0,1,0,1,3.45,1.15
Scott Alexander,LAD,35,18,0,0,0,15.1,15,5,8,4,2,0,2,0,1,2,2.93,1.24
Lewis Thorpe,MIN,29,5,4,0,0,15.1,14,8,6,7,2,0,2,0,0,0,4.70,1.37
Derek Law,MIN,34,9,0,0,0,15.0,16,7,14,8,2,0,0,0,0,0,4.20,1.60
Dennis Santana,LAD,29,16,0,0,0,15.0,18,10,8,11,0,0,0,0,0,1,6.00,1.93
T.J. Zeuch,TOR,29,5,3,0,0,15.0,21,11,8,9,6,0,2,0,0,0,6.60,2.00
Daulton Jefferies,OAK,29,5,1,0,0,15.0,11,6,8,4,1,1,0,0,0,0,3.60,1.00
Miguel Yajure,PIT,27,4,3,0,0,15.0,17,14,11,7,6,0,2,0,0,0,8.40,1.60
Nate Pearson,TOR,28,12,1,0,0,15.0,14,7,20,12,2,1,1,0,0,0,4.20,1.73
Seth Frankoff,ARI,36,4,3,0,0,14.2,20,15,11,9,4,0,2,0,0,0,9.20,1.98
Ljay Newsome,SEA,28,7,1,0,0,14.2,20,13,16,3,5,1,1,0,0,0,7.98,1.57
Ryan Sherriff,TB,34,16,0,0,0,14.2,14,9,16,9,0,0,1,1,1,1,5.52,1.57
Jimmy Herget,LAA,31,14,0,0,0,14.2,15,7,18,4,0,2,2,0,2,0,4.30,1.30
Jonathan Heasley,KC,28,3,3,0,0,14.2,15,8,6,3,3,1,1,0,0,0,4.91,1.23
Scott Effross,CHC,31,14,0,0,0,14.2,13,6,18,1,2,2,1,0,1,3,3.68,0.95
Nick Nelson,NYY,29,11,2,0,0,14.1,15,14,22,16,0,0,2,0,1,0,8.79,2.16
Reymin Guduan,OAK,33,11,0,0,0,14.1,19,10,5,5,1,0,0,0,1,0,6.28,1.67
Josh Osich,CIN,36,17,0,0,0,14.1,15,8,9,5,4,2,0,1,2,3,5.02,1.40
Tommy Milone,TOR,38,6,1,0,0,14.0,20,10,17,3,3,1,0,1,0,0,6.43,1.64
Conner Menez,SF,29,8,1,0,0,14.0,16,6,15,3,2,1,0,0,0,2,3.86,1.36
Peter Solomon,HOU,28,6,0,0,0,14.0,10,2,10,8,0,1,0,0,0,0,1.29,1.29
Austin Brice,BOS,32,13,0,0,0,13.2,14,10,12,7,2,0,0,0,0,0,6.59,1.54
Kohl Stewart,CHC,30,4,3,0,0,13.2,17,8,11,6,2,1,1,0,0,0,5.27,1.68
Kyle Ryan,CHC,33,13,0,0,0,13.1,17,10,8,6,3,0,0,1,0,0,6.75,1.73
A.J. Puk,OAK,30,12,0,0,0,13.1,18,9,16,6,1,0,3,0,2,0,6.08,1.80
Brad Hand,NYM,35,16,0,0,0,13.1,12,4,14,5,1,1,0,0,2,3,2.70,1.28
Shane Baz,TB,25,3,3,0,0,13.1,6,3,18,3,3,2,0,0,0,0,2.03,0.68
Kervin Castro,SF,26,10,0,0,0,13.1,13,0,13,4,0,1,1,0,0,0,0.00,1.28
Julian Merryweather,TOR,33,13,1,0,0,13.0,13,7,12,4,4,0,1,2,0,1,4.85,1.31
Jimmy Lambert,CWS,30,4,3,0,0,13.0,16,9,10,6,3,1,1,0,0,0,6.23,1.69
Jhonathan Diaz,LAA,28,3,2,0,0,13.0,11,6,9,7,1,1,0,0,0,0,4.15,1.38
Grant Dayton,ATL,37,13,0,0,0,13.0,15,9,14,6,2,0,0,0,0,1,6.23,1.62
Jon Duplantier,ARI,30,4,4,0,0,13.0,19,19,12,8,5,0,3,0,0,0,13.15,2.08
Kyle Barraclough,MIN,34,10,0,0,0,13.0,12,8,18,8,4,2,0,0,0,1,5.54,1.54
Nick Vincent,MIN,38,7,0,0,0,12.2,6,1,9,5,1,1,0,0,0,0,0.71,0.87
Vince Velasquez,SD,32,4,4,0,0,12.2,15,12,16,4,6,0,3,0,0,0,8.53,1.50
Wyatt Mills,SEA,30,11,0,0,0,12.2,19,14,11,7,1,0,0,0,0,0,9.95,2.05
Cristopher Sanchez,PHI,28,7,1,0,0,12.2,16,7,13,7,1,1,0,0,0,0,4.97,1.82
Konner Wade,BAL,33,7,0,0,0,12.1,23,16,11,5,3,0,0,0,0,0,11.68,2.27
Kyle Tyler,LAA,28,5,0,0,0,12.1,8,4,6,6,1,0,0,0,0,0,2.92,1.14
Jake Arrieta,SD,39,4,4,0,0,12.1,18,15,9,5,3,0,3,0,0,0,10.95,1.86
Yoan Lopez,ARI,32,13,0,0,0,12.1,18,9,13,6,3,0,0,0,3,2,6.57,1.95
Ryan Brasier,BOS,37,13,0,0,0,12.0,12,2,9,4,2,1,1,0,0,3,1.50,1.33
David Robertson,TB,40,12,1,0,0,12.0,11,6,16,4,2,0,0,0,2,2,4.50,1.25
Trevor Richards,TB,32,6,0,0,0,12.0,9,6,16,3,2,0,0,1,0,1,4.50,1.00
Luis Madero,MIA,28,6,0,0,0,12.0,13,12,4,8,3,0,0,0,0,0,9.00,1.75
Nick Margevicius,SEA,28,5,3,0,0,12.0,13,11,12,7,2,0,2,0,0,0,8.25,1.67
Andre Jackson,LAD,29,3,0,0,0,11.2,10,3,10,6,1,0,1,1,0,0,2.31,1.37
Seth Elledge,STL,28,11,0,0,0,11.2,13,6,11,7,1,0,0,0,0,0,4.63,1.71
Reiver Sanmartin,CIN,29,2,2,0,0,11.2,12,2,11,2,0,2,0,0,0,0,1.54,1.20
Antonio Santos,COL,28,7,0,0,0,11.1,9,6,10,5,1,0,1,0,0,0,4.76,1.24
Gabe Klobosits,WAS,30,11,0,0,0,11.1,13,7,5,5,0,0,1,0,0,4,5.56,1.59
Scott Kazmir,SF,41,5,4,0,0,11.1,15,8,10,6,3,0,1,0,0,0,6.35,1.85
Sean Doolittle,SEA,38,11,0,0,0,11.1,10,6,12,5,1,0,0,0,0,1,4.76,1.32
Ben Rowen,LAA,36,8,0,0,0,11.1,12,7,8,2,3,0,0,0,0,0,5.56,1.24
Kyle Cody,TEX,30,7,0,0,0,11.1,16,10,14,2,3,0,2,0,0,0,7.94,1.59
Domingo Acevedo,OAK,30,10,0,0,0,11.0,9,4,9,4,3,0,0,0,0,0,3.27,1.18
Matt Andriese,SEA,35,8,0,0,0,11.0,10,3,12,2,0,0,0,0,0,0,2.45,1.09
Ralph Garza,HOU,31,9,0,0,0,11.0,11,5,14,7,2,1,2,0,0,0,4.09,1.64
Alberto Baldonado,WAS,32,14,0,0,0,10.2,10,10,12,7,3,0,1,0,4,3,8.44,1.59
Travis Bergen,TOR,31,10,1,0,0,10.2,5,2,6,8,1,2,0,0,1,0,1.69,1.22
Darren O'Day,NYY,42,12,0,0,0,10.2,9,4,11,4,2,0,0,0,0,4,3.38,1.22
Shelby Miller,PIT,34,10,0,0,0,10.2,9,6,7,6,3,0,1,0,0,1,5.06,1.41
Jason Adam,CHC,33,12,0,0,0,10.2,10,7,19,6,1,1,0,0,0,2,5.91,1.50
Jesse Biddle,ATL,33,8,0,0,0,10.2,10,10,11,8,1,0,0,0,0,0,8.44,1.69
Jimmie Sherfy,SF,33,10,0,0,0,10.2,9,5,9,4,2,1,0,0,0,0,4.22,1.22
Keone Kela,SD,32,12,0,0,0,10.2,11,6,13,3,3,2,2,0,2,1,5.06,1.31
Alex Young,CLE,31,10,0,0,0,10.1,15,9,5,7,1,0,0,0,0,1,7.84,2.13
Cam Bedrosian,PHI,33,11,1,0,0,10.1,8,5,8,7,2,0,0,0,1,1,4.35,1.45
David Phelps,TOR,38,11,1,0,0,10.1,8,1,15,4,0,0,0,0,0,4,0.87,1.16
Nate Jones,ATL,39,12,0,0,0,10.1,8,4,7,10,3,0,2,0,1,2,3.48,1.74
Edgar Garcia,MIN,28,6,0,0,0,10.1,9,12,8,7,3,0,0,0,0,1,10.45,1.55
Shawn Morimando,MIA,32,4,0,0,0,10.1,18,11,9,5,2,0,0,0,0,0,9.58,2.23
Sam Moll,OAK,33,8,0,0,0,10.1,8,4,8,5,1,0,0,0,0,0,3.48,1.26
Eric Hanhold,BAL,31,10,0,0,0,10.1,13,8,6,3,2,0,0,0,1,0,6.97,1.55
Jason Foley,DET,29,11,0,0,0,10.1,8,3,6,5,1,0,0,0,0,2,2.61,1.26
Corey Oswalt,NYM,31,3,1,0,0,10.1,12,4,10,2,1,1,1,0,0,1,3.48,1.35
Evan Phillips,LAD,30,7,0,0,0,10.1,8,4,9,5,0,1,1,0,0,0,3.48,1.26
Mike Baumann,BAL,29,4,0,0,0,10.0,13,11,5,6,2,1,1,0,0,1,9.90,1.90
Jake Jewell,CHC,32,10,0,0,0,10.0,18,11,10,5,5,0,2,0,0,0,9.90,2.30
Alec Bettinger,MIL,29,4,1,0,0,10.0,18,15,5,3,3,0,1,0,0,0,13.50,2.10
Jordan Hicks,STL,28,10,0,0,0,10.0,5,6,10,10,0,0,0,0,0,3,5.40,1.50
Jacob Barnes,TOR,35,10,0,0,0,10.0,12,7,15,6,1,0,1,0,0,0,6.30,1.80
Shaun Anderson,BAL,30,7,0,0,0,10.0,17,10,7,5,3,0,0,0,0,0,9.00,2.20
Cody Reed,TB,32,12,0,0,0,9.2,8,4,7,6,1,0,1,0,0,3,3.72,1.45
Jose Quintana,SF,36,5,0,0,0,9.2,8,5,12,6,3,0,0,0,0,0,4.66,1.45
Kyle Nelson,CLE,28,10,0,0,0,9.2,10,10,8,8,0,0,0,0,0,0,9.31,1.86
Austin Davis,PIT,32,10,0,0,0,9.2,6,6,11,5,2,0,1,0,1,2,5.59,1.14
Daniel Camarena,SD,32,6,0,0,0,9.1,16,10,7,3,2,0,1,0,0,0,9.64,2.04
Jeremy Beasley,TOR,29,8,0,0,0,9.1,7,8,13,9,3,0,1,0,0,0,7.71,1.71
Oliver Ortega,LAA,28,8,0,0,0,9.1,12,5,4,2,1,1,0,0,0,0,4.82,1.50
Patrick Murphy,TOR,29,8,0,0,0,9.1,12,5,6,4,1,0,1,0,0,1,4.82,1.71
Mike Fiers,OAK,39,2,2,0,0,9.1,15,8,5,4,4,0,2,0,0,0,7.71,2.04
Thomas Hatch,TOR,30,3,2,0,0,9.1,11,7,8,6,2,0,1,0,0,0,6.75,1.82
Beau Burrows,MIN,28,5,1,0,0,9.1,14,13,5,8,5,0,1,0,0,0,12.54,2.36
Adam Kolarek,OAK,36,12,0,0,0,9.0,15,8,4,5,2,0,0,0,0,0,8.00,2.22
JoJo Romero,PHI,28,11,0,0,0,9.0,12,7,8,4,4,0,0,0,0,3,7.00,1.78
Zack Burdi,CWS,30,6,0,0,0,9.0,13,6,6,4,3,0,0,0,0,0,6.00,1.89
Cam Bedrosian,OAK,33,9,0,0,0,9.0,9,2,8,4,2,0,0,0,0,0,2.00,1.44
Darren McCaughan,SEA,29,2,1,0,0,9.0,8,8,2,4,3,0,0,0,0,0,8.00,1.33
Ashton Goudeau,CIN,32,5,0,0,0,9.0,8,4,5,9,1,0,0,0,0,0,4.00,1.89
Enoli Paredes,HOU,29,12,0,0,0,8.2,7,6,15,17,0,0,0,0,0,2,6.23,2.77
Dusten Knight,BAL,34,7,0,0,0,8.2,11,9,11,5,1,0,0,0,0,0,9.35,1.85
Connor Overton,PIT,31,5,3,0,0,8.2,10,8,11,3,2,0,1,0,0,0,8.31,1.50
Brad Hand,TOR,35,11,0,0,0,8.2,13,7,5,3,3,0,2,0,1,0,7.27,1.85
Nate Jones,LAD,39,8,0,0,0,8.2,8,8,7,2,4,0,0,0,0,3,8.31,1.15
Hunter Harvey,BAL,30,9,0,0,0,8.2,8,4,6,3,1,0,0,0,0,2,4.15,1.27
Dakota Hudson,STL,30,2,1,0,0,8.2,7,2,6,1,0,1,0,0,0,0,2.08,0.92
Shaun Anderson,MIN,30,4,0,0,0,8.2,13,9,8,5,1,0,0,0,0,0,9.35,2.08
Wandy Peralta,SF,33,10,0,0,0,8.1,11,5,8,3,1,2,1,2,1,0,5.40,1.68
Deivi Garcia,NYY,25,2,2,0,0,8.1,8,6,7,4,1,0,2,0,0,0,6.48,1.44
Ramon Rosso,PHI,28,7,0,0,0,8.0,10,5,7,3,2,0,0,0,0,0,5.63,1.63
Josiah Gray,LAD,27,2,1,0,0,8.0,7,6,13,5,4,0,0,0,0,0,6.75,1.50
Jovani Moran,MIN,28,5,0,0,0,8.0,9,7,10,7,0,0,0,0,0,0,7.88,2.00
Tommy Hunter,NYM,38,4,1,0,0,8.0,4,0,6,3,0,0,0,0,0,0,0.00,0.88
Joakim Soria,TOR,40,10,0,0,0,8.0,8,7,9,4,2,0,0,0,1,2,7.88,1.50
James Hoyt,LAA,38,9,0,0,0,8.0,12,6,11,7,0,0,0,0,0,0,6.75,2.38
Aaron Northcraft,SD,34,5,0,0,0,8.0,5,2,5,8,1,1,0,0,0,0,2.25,1.63
Sam Selman,SF,34,7,0,0,0,8.0,4,4,8,4,2,0,0,0,1,0,4.50,1.00
Brandon Workman,CHC,36,10,0,0,0,8.0,12,6,11,7,2,0,2,0,0,2,6.75,2.38
A.J. Cole,TOR,33,6,0,0,0,8.0,6,1,7,1,1,0,0,1,1,1,1.13,0.88
Gabe Speier,KC,30,7,0,0,0,7.2,10,1,5,0,0,0,0,0,0,0,1.17,1.30
Michael Feliz,PIT,31,7,0,0,0,7.2,8,2,8,1,0,0,0,0,0,0,2.35,1.17
Adonis Medina,PHI,28,4,1,0,0,7.2,9,3,6,4,0,0,0,0,0,0,3.52,1.70
Anthony Swarzak,KC,39,7,0,0,0,7.2,13,8,5,0,3,0,0,0,0,0,9.39,1.70
Mac Sceroler,BAL,30,5,0,0,0,7.2,15,12,11,7,6,0,0,0,0,0,14.09,2.87
Kirby Snead,TOR,30,7,0,0,0,7.2,7,2,7,2,0,0,1,0,0,0,2.35,1.17
Darien Nunez,LAD,32,6,1,0,0,7.2,8,7,8,4,3,0,1,0,1,0,8.22,1.57
Brooks Kriske,NYY,31,8,0,0,0,7.2,12,13,7,6,5,1,1,0,1,0,15.26,2.35
Nivaldo Rodriguez,HOU,28,4,0,0,0,7.1,4,2,3,4,2,0,0,0,0,0,2.45,1.09
Ryan Meisinger,CHC,31,7,0,0,0,7.1,11,10,6,5,2,0,0,0,0,0,12.27,2.18
Joey Krehbiel,BAL,32,5,0,0,0,7.1,5,4,5,4,1,0,0,0,0,2,4.91,1.23
Anthony Banda,NYM,31,5,0,0,0,7.1,14,6,7,1,2,1,0,0,1,0,7.36,2.05
Enyel De Los Santos,PIT,29,7,0,0,0,7.1,9,4,6,4,1,1,0,0,0,1,4.91,1.77
Chris Devenski,ARI,34,8,0,0,0,7.1,11,7,5,2,2,1,0,1,2,1,8.59,1.77
Tanner Roark,TOR,38,3,1,0,0,7.0,7,5,5,2,3,0,1,0,0,0,6.43,1.29
Hans Crouse,PHI,26,2,2,0,0,7.0,4,4,2,7,2,0,2,0,0,0,5.14,1.57
Miguel Aguilar,ARI,33,9,0,0,0,7.0,6,5,3,4,0,1,1,0,0,2,6.43,1.43
Ty Tice,TOR,28,4,0,0,0,7.0,9,4,6,4,1,0,0,0,0,0,5.14,1.86
Ross Detwiler,SD,39,7,0,0,0,7.0,3,2,6,5,2,1,0,0,0,0,2.57,1.14
Francisco Perez,CLE,27,4,0,0,0,6.2,6,3,5,3,0,0,0,0,0,0,4.05,1.35
Connor Overton,TOR,31,4,0,0,0,6.2,4,0,4,2,0,0,0,0,0,0,0.00,0.90
Wade LeBlanc,BAL,40,6,1,0,0,6.2,11,7,6,1,1,0,1,0,0,0,9.45,1.80
Ian Gibaut,MIN,31,3,0,0,0,6.2,7,2,4,2,2,0,0,0,0,0,2.70,1.35
Mauricio Llovera,PHI,29,6,0,0,0,6.2,10,7,7,4,5,1,0,0,0,0,9.45,2.10
Julian Fernandez,COL,29,6,0,0,0,6.2,9,8,4,4,2,0,0,0,0,0,10.80,1.95
Jordan Yamamoto,NYM,29,2,1,0,0,6.2,10,3,3,2,0,1,1,0,0,0,4.05,1.80
Shane Greene,LAD,36,9,0,0,0,6.2,3,3,7,5,1,0,0,1,0,0,4.05,1.20
Anthony Gose,CLE,34,6,0,0,0,6.2,2,1,9,2,0,0,0,0,0,0,1.35,0.60
Matt Strahm,SD,33,6,1,0,0,6.2,15,6,4,1,0,0,1,0,1,0,8.10,2.40
Jace Fry,CWS,31,6,0,0,0,6.2,10,8,3,6,1,0,1,0,0,0,10.80,2.40
Michael Feliz,CIN,31,9,0,0,0,6.2,13,12,9,4,2,0,0,1,0,0,16.20,2.55
Ronald Bolanos,KC,28,3,0,0,0,6.1,4,1,10,2,0,0,0,0,0,0,1.42,0.95
Hunter Strickland,LAA,36,9,0,0,0,6.1,11,7,4,4,3,0,0,0,0,0,9.95,2.37
Taylor Williams,MIA,33,6,0,0,0,6.1,9,5,3,5,1,0,0,0,0,0,7.11,2.21
Ryan Feltner,COL,28,2,2,0,0,6.1,9,8,6,5,3,0,1,0,0,0,11.37,2.21
Dylan Coleman,KC,28,5,0,0,0,6.1,5,1,7,1,0,0,0,0,0,0,1.42,0.95
Clarke Schmidt,NYY,29,2,1,0,0,6.1,11,4,6,5,1,0,0,0,0,0,5.68,2.53
Kyle Wright,ATL,29,2,2,0,0,6.1,7,7,6,5,2,0,1,0,0,0,9.95,1.89
Nick Anderson,TB,34,6,0,0,0,6.0,4,3,1,2,2,0,1,1,0,0,4.50,1.00
Rafael Montero,HOU,34,4,0,0,0,6.0,3,0,5,2,0,0,1,0,0,0,0.00,0.83
Will Harris,WAS,40,8,0,0,0,6.0,7,6,9,3,1,0,1,0,0,0,9.00,1.67
Nick Tropeano,SF,34,4,0,0,0,6.0,4,1,2,2,0,1,0,0,0,0,1.50,1.00
Jake Petricka,LAA,36,7,0,0,0,6.0,6,10,8,7,1,0,1,0,1,1,15.00,2.17
Javy Guerra,WAS,39,6,0,0,0,6.0,12,11,4,3,3,0,1,0,0,0,16.50,2.50
Luis Severino,NYY,31,4,0,0,0,6.0,2,0,8,1,0,1,0,0,0,1,0.00,0.50
Colin Rea,MIL,34,1,0,0,0,6.0,7,5,5,0,2,0,0,0,0,0,7.50,1.17
Ryan Weber,BOS,34,1,0,0,0,5.2,13,11,7,2,4,0,0,0,0,0,17.47,2.65
Peter Lambert,COL,28,2,2,0,0,5.2,12,7,3,2,2,0,0,0,0,0,11.12,2.47
Cam Bedrosian,CIN,33,6,0,0,0,5.2,10,7,7,6,2,0,0,0,0,0,11.12,2.82
Jordan Zimmermann,MIL,38,2,0,0,0,5.2,8,5,0,2,1,0,0,0,0,0,7.94,1.76
Joan Adon,WAS,26,1,1,0,0,5.1,6,2,9,3,1,0,0,0,0,0,3.38,1.69
Miguel Del Pozo,DET,32,5,0,0,0,5.1,8,2,4,2,0,0,0,0,0,0,3.38,1.88
Brad Peacock,BOS,37,2,1,0,0,5.1,6,9,3,3,2,0,1,0,0,0,15.19,1.69
Carl Edwards,TOR,33,6,0,0,0,5.1,8,4,5,2,2,0,0,0,1,0,6.75,1.88
Taylor Williams,SD,33,5,0,0,0,5.1,3,1,6,3,0,0,0,0,0,1,1.69,1.13
Michael Feliz,BOS,31,4,0,0,0,5.1,4,2,5,1,2,0,0,0,0,0,3.38,0.94
Jake Reed,LAD,32,6,1,0,0,5.1,5,2,5,2,1,0,0,0,1,0,3.38,1.31
Scott Blewett,KC,29,3,0,0,0,5.0,3,1,4,5,0,0,0,0,0,0,1.80,1.60
Hunter Wood,TEX,31,5,0,0,0,5.0,2,2,5,2,1,0,0,0,0,1,3.60,0.80
Luis Avilan,WAS,35,4,0,0,0,5.0,7,7,4,3,1,0,1,0,0,0,12.60,2.00
Robert Stock,NYM,35,2,2,0,0,5.0,6,3,6,3,2,0,1,0,0,0,5.40,1.80
Julio Teheran,DET,34,1,1,0,0,5.0,4,1,3,3,1,1,0,0,0,0,1.80,1.40
Josh James,HOU,32,5,0,0,0,5.0,4,3,8,2,1,0,0,0,0,0,5.40,1.20
Tanner Anderson,PIT,31,1,0,0,0,5.0,5,2,1,0,0,0,0,0,0,0,3.60,1.00
Shea Spitzbarth,PIT,30,5,0,0,0,5.0,4,2,1,2,1,0,0,0,0,1,3.60,1.20
Stephen Ridings,NYY,29,5,0,0,0,5.0,4,1,7,2,0,0,0,0,0,1,1.80,1.20
James Norwood,SD,31,5,0,0,0,5.0,6,0,3,3,0,0,0,0,0,0,0.00,1.80
Angel Zerpa,KC,25,1,1,0,0,5.0,3,0,4,1,0,0,1,0,0,0,0.00,0.80
Jacob Latz,TEX,29,1,1,0,0,4.2,5,3,4,0,3,0,1,0,0,0,5.79,1.07
Devin Smeltzer,MIN,29,1,0,0,0,4.2,1,0,3,1,0,0,0,0,0,0,0.00,0.43
Geoff Hartlieb,PIT,31,4,0,0,0,4.2,3,4,4,5,0,0,0,0,0,0,7.71,1.71
Sean Poppen,PIT,31,3,0,0,0,4.2,11,4,4,2,1,0,0,0,0,0,7.71,2.79
Tyler Ivey,HOU,29,1,1,0,0,4.2,6,4,3,1,1,0,0,0,0,0,7.71,1.50
Anthony Swarzak,ARI,39,6,0,0,0,4.2,7,5,4,1,1,0,1,0,0,0,9.64,1.71
Brandyn Sittinger,ARI,30,5,0,0,0,4.2,5,4,1,2,3,0,1,0,2,0,7.71,1.50
AJ Ramos,LAA,38,4,0,0,0,4.2,0,0,3,2,0,0,0,0,0,0,0.00,0.43
Austin Pruitt,MIA,35,4,0,0,0,4.2,4,1,4,0,0,0,0,0,0,0,1.93,0.86
Adrian Morejon,SD,26,2,2,0,0,4.2,5,2,3,2,2,0,0,0,0,0,3.86,1.50
Shaun Anderson,SD,30,5,0,0,0,4.2,6,3,4,2,0,0,0,0,0,0,5.79,1.71
Jake Reed,NYM,32,4,0,0,0,4.2,5,2,5,0,0,0,1,0,0,0,3.86,1.07
Brent Honeywell,TB,30,3,2,0,0,4.1,5,4,4,3,2,0,0,0,0,0,8.31,1.85
Brandon Waddell,STL,30,4,0,0,0,4.1,4,2,6,5,0,0,0,0,0,0,4.15,2.08
Jimmie Sherfy,LAD,33,4,0,0,0,4.1,3,2,3,0,1,1,1,0,0,0,4.15,0.69
Jordan Weems,OAK,32,5,0,0,0,4.1,2,3,4,3,1,0,0,0,0,0,6.23,1.15
Stephen Gonsalves,BOS,30,3,0,0,0,4.1,2,2,4,2,0,0,0,0,0,0,4.15,0.92
Pedro Baez,HOU,37,4,0,0,0,4.1,2,1,5,1,1,0,0,0,0,0,2.08,0.69
Edgar Garcia,CIN,28,5,0,0,0,4.1,10,8,4,1,2,0,1,0,1,0,16.62,2.54
John Curtiss,MIL,32,6,0,0,0,4.1,8,6,4,3,2,0,0,0,1,3,12.46,2.54
Daniel Zamora,SEA,32,4,0,0,0,4.1,5,3,3,1,1,2,0,0,0,0,6.23,1.38
Jake Newberry,KC,30,4,0,0,0,4.1,10,8,5,3,2,0,0,0,0,0,16.62,3.00
Geoff Hartlieb,NYM,31,3,0,0,0,4.1,7,7,5,6,0,0,0,0,0,0,14.54,3.00
Isaac Mattson,BAL,29,4,0,0,0,4.1,5,3,3,5,0,0,0,0,0,0,6.23,2.31
Jhon Romero,WAS,30,5,0,0,0,4.0,5,2,3,0,0,0,0,0,0,0,4.50,1.25
Jimmy Herget,TEX,31,4,0,0,0,4.0,5,4,2,0,1,0,1,0,0,1,9.00,1.25
Jose Marte,LAA,28,4,0,0,0,4.0,4,4,5,3,1,0,1,0,1,0,9.00,1.75
Matt Bush,TEX,39,4,0,0,0,4.0,4,3,5,1,3,0,0,0,0,2,6.75,1.25
Tyler Chatwood,SF,35,2,0,0,0,4.0,6,3,6,1,1,0,1,0,0,0,6.75,1.75
Robert Stock,CHC,35,1,1,0,0,4.0,4,5,3,6,1,0,1,0,0,0,11.25,2.50
Asher Wojciechowski,NYY,36,1,1,0,0,4.0,3,2,4,3,1,0,0,0,0,0,4.50,1.50
Bryan Mitchell,MIA,34,2,0,0,0,4.0,5,2,4,2,0,0,0,0,0,0,4.50,1.75
Patrick Weigel,MIL,30,3,0,0,0,4.0,4,2,9,4,1,0,0,0,0,0,4.50,2.00
Reyes Moronta,SF,32,4,0,0,0,4.0,1,1,2,0,1,0,0,0,0,2,2.25,0.25
Pedro Avila,SD,28,1,1,0,0,4.0,4,1,5,3,1,0,1,0,0,0,2.25,1.75
Brandon Waddell,MIN,30,4,0,0,0,4.0,10,5,1,3,2,0,1,0,0,0,11.25,3.25
Chris Ellis,TB,32,1,0,0,0,4.0,3,0,7,1,0,1,0,0,0,0,0.00,1.00
Alex Blandino,CIN,32,43,0,0,0,3.2,4,4,1,4,1,0,0,0,0,0,9.82,2.18
Javy Guerra,SD,29,4,0,0,0,3.2,4,2,3,2,0,0,0,0,0,0,4.91,1.64
Rony Garcia,DET,27,2,0,0,0,3.2,1,1,2,2,1,0,0,0,1,0,2.45,0.82
Thomas Szapucki,NYM,28,1,0,0,0,3.2,7,6,4,3,2,0,0,0,0,0,14.73,2.73
Dauri Moreta,CIN,29,4,0,0,0,3.2,2,1,4,1,1,0,0,0,0,0,2.45,0.82
Drew Carlton,DET,29,4,0,0,0,3.2,6,2,1,4,1,0,0,0,0,0,4.91,2.73
Nick Snyder,TEX,29,4,0,0,0,3.2,3,2,1,3,0,0,0,0,0,1,4.91,1.64
Oliver Perez,CLE,43,5,0,0,0,3.2,5,0,4,1,0,0,1,0,0,0,0.00,1.64
Brooks Kriske,BAL,31,4,0,0,0,3.2,5,5,4,0,2,1,0,0,0,0,12.27,1.36
Aaron Fletcher,SEA,29,4,0,0,0,3.2,7,5,2,1,1,0,0,0,0,0,12.27,2.18
Mickey Jannis,BAL,37,1,0,0,0,3.1,8,7,1,4,3,0,0,0,0,0,18.90,3.60
Luis Frias,ARI,26,3,0,0,0,3.1,2,1,3,5,0,0,0,0,0,1,2.70,2.10
Justin Topa,MIL,34,4,0,0,0,3.1,12,11,1,1,2,0,0,0,0,0,29.70,3.90
Andrew Bellatti,MIA,33,3,0,0,0,3.1,6,5,4,2,0,0,0,0,0,0,13.50,2.40
Zack Godley,MIL,35,2,1,0,0,3.1,4,6,5,5,2,0,1,0,1,0,16.20,2.70
Ryan Castellani,COL,29,1,1,0,0,3.1,5,2,2,4,1,0,0,0,0,0,5.40,2.70
Sal Romano,NYY,31,4,0,0,0,3.1,7,2,5,2,0,0,1,0,0,1,5.40,2.70
Noe Ramirez,LAA,35,2,0,0,0,3.1,5,2,0,1,1,0,0,0,0,0,5.40,1.80
Jesse Hahn,KC,35,5,0,0,0,3.1,5,5,3,4,2,0,0,1,2,1,13.50,2.70
Justin Miller,WAS,37,5,0,0,0,3.0,5,5,4,1,3,0,0,0,0,1,15.00,2.00
Zac Rosscup,COL,36,4,0,0,0,3.0,3,1,4,1,1,0,0,0,0,0,3.00,1.33
Mason Thompson,SD,27,4,0,0,0,3.0,4,1,2,1,0,0,0,0,0,1,3.00,1.67
Ryan Weber,SEA,34,2,0,0,0,3.0,1,2,1,2,1,0,0,0,0,0,6.00,1.00
Yacksel Rios,SEA,31,3,0,0,0,3.0,5,3,2,2,0,0,0,0,0,0,9.00,2.33
Brandon Brennan,BOS,33,1,0,0,0,3.0,3,0,1,2,0,0,0,0,0,0,0.00,1.67
Joe Biagini,CHC,34,1,0,0,0,3.0,2,0,2,1,0,1,0,0,0,0,0.00,1.00
Roansy Contreras,PIT,25,1,1,0,0,3.0,3,0,4,1,0,0,0,0,0,0,0.00,1.33
Evan Phillips,TB,30,1,0,0,0,3.0,3,1,2,0,1,0,0,1,0,0,3.00,1.00
Connor Seabold,BOS,29,1,1,0,0,3.0,3,2,0,2,1,0,0,0,0,0,6.00,1.67
Stephen Nogosek,NYM,30,1,0,0,0,3.0,3,2,5,0,2,0,1,0,0,0,6.00,1.00
John Schreiber,BOS,31,1,0,0,0,3.0,4,1,5,1,0,0,0,0,0,0,3.00,1.67
Eduard Bazardo,BOS,29,2,0,0,0,3.0,1,0,3,2,0,0,0,0,0,0,0.00,1.00
Seth Martinez,HOU,30,3,0,0,0,3.0,5,5,3,3,0,0,0,0,0,0,15.00,2.67
Neftali Feliz,LAD,37,3,0,0,0,3.0,1,0,1,0,0,0,0,0,0,0,0.00,0.33
Brody Koerner,NYY,31,2,0,0,0,3.0,2,1,1,2,0,0,0,0,0,0,3.00,1.33
Manny Barreda,BAL,36,3,0,0,0,2.2,4,4,2,2,2,1,0,0,0,0,13.50,2.25
DJ Johnson,TB,35,3,0,0,0,2.2,0,0,2,0,0,0,0,0,0,0,0.00,0.00
R.J. Alaniz,CIN,33,3,0,0,0,2.2,1,1,3,3,1,0,0,0,0,0,3.38,1.50
Austin Pruitt,HOU,35,2,0,0,0,2.2,3,2,1,0,2,0,1,0,0,0,6.75,1.13
Trevor Hildenberger,NYM,34,2,0,0,0,2.1,3,4,4,3,1,0,0,0,0,0,15.43,2.57
Ryan Hartman,HOU,31,1,0,0,0,2.1,3,1,2,0,1,0,0,0,0,0,3.86,1.29
Spencer Strider,ATL,26,2,0,0,0,2.1,2,1,0,1,1,1,0,0,0,0,3.86,1.29
Elvis Peguero,LAA,28,3,0,0,0,2.1,7,7,0,3,0,0,1,0,0,0,27.00,4.29
Raynel Espinal,BOS,33,1,0,0,0,2.0,2,2,0,1,0,0,0,0,0,0,9.00,1.50
Kutter Crawford,BOS,29,1,1,0,0,2.0,5,5,2,2,1,0,1,0,0,0,22.50,3.50
Pedro Strop,CHC,39,2,0,0,0,2.0,2,0,3,2,0,1,0,0,0,0,0.00,2.00
Gregory Santos,SF,25,3,0,0,0,2.0,5,5,3,2,3,0,2,0,0,1,22.50,3.50
Dylan Lee,ATL,30,2,0,0,0,2.0,3,2,3,0,1,0,0,0,0,0,9.00,1.50
Alex McRae,CWS,32,2,0,0,0,2.0,3,1,1,1,0,0,0,0,0,0,4.50,2.00
Angel Rondon,STL,27,2,0,0,0,2.0,1,0,1,1,0,0,0,0,0,0,0.00,1.00
Yefry Ramirez,LAD,31,1,0,0,0,2.0,0,0,2,1,0,0,0,0,0,0,0.00,0.50
David Hess,TB,31,1,0,0,0,2.0,8,6,2,1,3,0,0,0,0,0,27.00,4.50
David Paulino,PHI,31,1,0,0,0,2.0,3,2,0,0,1,0,0,0,0,0,9.00,1.50
Brady Lail,SEA,31,2,0,0,0,2.0,4,3,1,0,1,0,0,0,0,0,13.50,2.00
Conner Greene,LAD,30,2,0,0,0,2.0,2,0,2,0,0,0,0,0,0,0,0.00,1.00
Preston Guilmet,MIA,37,2,0,0,0,2.0,2,1,1,0,1,0,0,0,0,1,4.50,1.00
Domingo Tapia,SEA,33,2,0,0,0,2.0,4,0,1,1,0,0,0,0,0,0,0.00,2.50
Nick Tropeano,NYM,34,1,0,0,0,2.0,4,1,0,1,1,0,0,0,0,0,4.50,2.50
Mike Kickham,LAD,36,1,0,0,0,2.0,5,3,2,1,1,0,0,0,0,0,13.50,3.00
Noah Syndergaard,NYM,32,2,2,0,0,2.0,3,2,2,0,1,0,1,0,0,0,9.00,1.50
Brandon Dickson,STL,40,2,0,0,0,2.0,5,3,1,0,1,0,0,0,0,0,13.50,2.50
Shelby Miller,CHC,34,3,0,0,0,2.0,7,7,1,5,0,0,0,0,0,0,31.50,6.00
Charlie Culberson,TEX,36,91,0,0,0,2.0,2,0,0,0,0,0,0,0,0,0,0.00,1.00
Beau Burrows,DET,28,1,0,0,0,1.2,2,4,3,2,0,0,0,0,0,0,21.60,2.40
Keury Mella,ARI,31,2,0,0,0,1.2,8,6,2,2,2,0,0,0,0,0,32.40,6.00
Felix Pena,LAA,35,2,0,0,0,1.2,7,7,2,4,0,0,0,0,0,0,37.80,6.60
Jorge Guzman,MIA,29,2,0,0,0,1.2,4,6,3,6,0,0,0,0,0,0,32.40,6.00
Andrew Vasquez,LAD,31,2,0,0,0,1.2,1,0,3,0,0,0,0,0,1,0,0.00,0.60
DJ Johnson,CLE,35,1,0,0,0,1.2,2,1,3,0,1,0,0,0,0,0,5.40,1.20
Riley O'Brien,CIN,30,1,1,0,0,1.1,2,2,2,3,2,0,1,0,0,0,13.50,3.75
Cooper Criswell,LAA,28,1,1,0,0,1.1,6,3,0,0,0,0,1,0,0,0,20.25,4.50
Jay Flaa,ATL,32,1,0,0,0,1.1,3,4,2,1,2,0,0,0,0,0,27.00,3.00
Jay Flaa,BAL,32,1,0,0,0,1.1,0,0,1,2,0,0,0,0,0,0,0.00,1.50
Dan Altavilla,SD,32,2,0,0,0,1.1,1,1,2,0,1,0,0,0,0,0,6.75,0.75
Jesus Tinoco,COL,30,1,0,0,0,1.1,5,5,0,1,3,0,0,0,0,0,33.75,4.50
James Paxton,SEA,36,1,1,0,0,1.1,0,1,2,1,0,0,0,0,0,0,6.75,0.75
Kyle Lobstein,WAS,35,3,0,0,0,1.1,3,3,1,1,1,0,0,0,0,0,20.25,3.00
Jordan Weems,ARI,32,2,0,0,0,1.1,4,7,3,3,1,0,1,0,1,0,47.25,5.25
Tyler Beede,SF,31,1,0,0,0,1.0,2,3,2,0,0,0,0,0,0,0,27.00,2.00
Colten Brewer,BOS,32,1,0,0,0,1.0,4,4,1,3,0,0,0,0,0,0,36.00,7.00
Phil Bickford,MIL,29,1,0,0,0,1.0,2,2,0,1,1,0,0,0,0,0,18.00,3.00
Sal Romano,MIL,31,1,0,0,0,1.0,4,3,0,0,1,0,1,0,0,0,27.00,4.00
Akeem Bostick,NYM,30,1,0,0,0,1.0,0,0,0,1,0,0,0,0,0,0,0.00,1.00
Dellin Betances,NYM,37,1,0,0,0,1.0,0,1,1,1,0,0,0,0,0,0,9.00,1.00
Ryan Weber,MIL,34,1,0,0,0,1.0,1,0,0,0,0,0,0,0,0,0,0.00,1.00
Brett Phillips,TB,30,119,0,0,0,1.0,2,1,0,2,0,0,0,0,0,0,9.00,4.00
Blaine Hardy,MIL,38,1,0,0,0,1.0,3,2,1,1,0,0,1,0,0,0,18.00,4.00
Joey Krehbiel,TB,32,1,0,0,0,1.0,0,0,2,1,0,0,0,0,0,0,0.00,1.00
Seranthony Dominguez,PHI,30,1,0,0,0,1.0,0,0,1,0,0,0,0,0,0,0,0.00,0.00
Brandon Waddell,BAL,30,1,0,0,0,1.0,0,0,0,1,0,0,0,0,0,0,0.00,1.00
Zack Burdi,BAL,30,1,0,0,0,1.0,0,0,1,1,0,0,0,0,0,0,0.00,1.00
Nick Allgeyer,TOR,29,1,0,0,0,1.0,0,0,0,0,0,0,0,0,0,0,0.00,0.00
Vinny Nittoli,SEA,34,1,0,0,0,1.0,1,2,1,2,1,0,0,0,0,0,18.00,3.00
Neftali Feliz,PHI,37,2,0,0,0,1.0,4,4,2,1,1,0,1,0,1,0,36.00,5.00
Ty Tice,ATL,28,1,0,0,0,1.0,1,0,0,1,0,0,0,0,0,0,0.00,2.00
Bryan Baker,TOR,30,1,0,0,0,1.0,1,0,1,0,0,0,0,0,0,0,0.00,1.00
Kyle Dohy,PHI,28,1,0,0,0,1.0,1,0,1,1,0,0,0,0,0,0,0.00,2.00
Sean Poppen,TB,31,1,0,0,0,0.2,0,0,1,0,0,0,0,0,0,0,0.00,0.00
Andres Munoz,SEA,26,1,0,0,0,0.2,0,0,1,2,0,0,0,0,0,0,0.00,3.00
Chaz Roe,TB,38,1,0,0,0,0.2,1,2,2,1,0,0,0,0,0,1,27.00,3.00
Carl Edwards,ATL,33,1,0,0,0,0.1,3,3,1,1,1,0,0,0,0,0,81.00,12.00
Kevin Quackenbush,LAD,36,1,0,0,0,0.1,3,1,1,0,0,0,0,0,0,0,27.00,9.00
Michael Feliz,OAK,31,1,0,0,0,0.1,1,0,0,1,0,0,0,0,0,0,0.00,6.00
Damon Jones,PHI,30,1,0,0,0,0.1,1,0,0,2,0,0,0,0,0,0,0.00,9.00
Roel Ramirez,STL,29,1,0,0,0,0.1,1,3,0,2,0,0,0,0,0,0,81.00,9.00
Kaleb Ort,BOS,33,1,0,0,0,0.1,1,0,0,1,0,0,0,0,0,0,0.00,6.00
John Axford,MIL,42,1,0,0,0,0.1,2,2,0,1,0,0,0,0,0,0,54.00,9.00